game_id,period,clock_seconds,player_id,on_off,xg
2c79c49d-c247-42c4-9126-a65c0ec1a1be,1,8,371333ea-0157-4c17-9d08-58de23433cfd,on,0.02
2c79c49d-c247-42c4-9126-a65c0ec1a1be,1,8,46ebc2ab-7e0b-4c07-8b5a-9c8fa0509494,on,0.02
2c79c49d-c247-42c4-9126-a65c0ec1a1be,1,8,b8aeaff3-6f9f-458c-b2a7-d6e7e33754e8,on,0.02
2c79c49d-c247-42c4-9126-a65c0ec1a1be,1,8,a719751e-58f4-44e6-a8a3-b0fcfe5add7c,on,0.02
2c79c49d-c247-42c4-9126-a65c0ec1a1be,1,8,1d8c643f-4534-4413-82ff-ffce5379f9f8,on,0.02
2c79c49d-c247-42c4-9126-a65c0ec1a1be,1,8,20323392-b186-4f46-b32f-f28b3f32c01c,off,0.02
2c79c49d-c247-42c4-9126-a65c0ec1a1be,1,8,b2265192-8a74-4401-955e-629899f5292b,off,0.02
2c79c49d-c247-42c4-9126-a65c0ec1a1be,1,8,0cc207c2-d69d-4c56-acbb-3cd9fa01321c,off,0.02
2c79c49d-c247-42c4-9126-a65c0ec1a1be,1,8,353f9e1c-5782-407a-9950-51a94d052567,off,0.02
2c79c49d-c247-42c4-9126-a65c0ec1a1be,1,8,b94c7db3-3cda-4ae0-8359-8ebd60eb658c,off,0.02
2c79c49d-c247-42c4-9126-a65c0ec1a1be,1,8,436ef17d-0f24-11e2-8525-18a905767e44,off,0.02
2c79c49d-c247-42c4-9126-a65c0ec1a1be,1,8,5c78e3bd-fa23-431c-b2d9-7d52a3be0c20,off,0.02
2c79c49d-c247-42c4-9126-a65c0ec1a1be,1,8,f5a7d914-02d4-4821-9dfd-83160eb58003,off,0.02
2c79c49d-c247-42c4-9126-a65c0ec1a1be,1,8,9cface5b-dca2-4cfa-a990-9f6dfa150ca1,off,0.02
2c79c49d-c247-42c4-9126-a65c0ec1a1be,1,8,0a52fe4d-eefb-42aa-9fb7-37d0d52dc557,off,0.02
2c79c49d-c247-42c4-9126-a65c0ec1a1be,1,8,a6bd3315-d04f-461d-8969-f974197519c2,off,0.02
2c79c49d-c247-42c4-9126-a65c0ec1a1be,1,8,89fdc2bc-146f-4b21-81d9-6983fcf1f40c,off,0.02
2c79c49d-c247-42c4-9126-a65c0ec1a1be,1,8,4f130bf0-9daf-4765-98c2-fb79bd4bd76d,off,0.02
2c79c49d-c247-42c4-9126-a65c0ec1a1be,1,40,46ebc2ab-7e0b-4c07-8b5a-9c8fa0509494,on,0.02
2c79c49d-c247-42c4-9126-a65c0ec1a1be,1,40,b8aeaff3-6f9f-458c-b2a7-d6e7e33754e8,on,0.02
2c79c49d-c247-42c4-9126-a65c0ec1a1be,1,40,5c78e3bd-fa23-431c-b2d9-7d52a3be0c20,on,0.02
2c79c49d-c247-42c4-9126-a65c0ec1a1be,1,40,f5a7d914-02d4-4821-9dfd-83160eb58003,on,0.02
2c79c49d-c247-42c4-9126-a65c0ec1a1be,1,40,89fdc2bc-146f-4b21-81d9-6983fcf1f40c,on,0.02
2c79c49d-c247-42c4-9126-a65c0ec1a1be,1,40,371333ea-0157-4c17-9d08-58de23433cfd,off,0.02
2c79c49d-c247-42c4-9126-a65c0ec1a1be,1,40,20323392-b186-4f46-b32f-f28b3f32c01c,off,0.02
2c79c49d-c247-42c4-9126-a65c0ec1a1be,1,40,a719751e-58f4-44e6-a8a3-b0fcfe5add7c,off,0.02
2c79c49d-c247-42c4-9126-a65c0ec1a1be,1,40,b2265192-8a74-4401-955e-629899f5292b,off,0.02
2c79c49d-c247-42c4-9126-a65c0ec1a1be,1,40,0cc207c2-d69d-4c56-acbb-3cd9fa01321c,off,0.02
2c79c49d-c247-42c4-9126-a65c0ec1a1be,1,40,353f9e1c-5782-407a-9950-51a94d052567,off,0.02
2c79c49d-c247-42c4-9126-a65c0ec1a1be,1,40,b94c7db3-3cda-4ae0-8359-8ebd60eb658c,off,0.02
2c79c49d-c247-42c4-9126-a65c0ec1a1be,1,40,436ef17d-0f24-11e2-8525-18a905767e44,off,0.02
2c79c49d-c247-42c4-9126-a65c0ec1a1be,1,40,9cface5b-dca2-4cfa-a990-9f6dfa150ca1,off,0.02
2c79c49d-c247-42c4-9126-a65c0ec1a1be,1,40,0a52fe4d-eefb-42aa-9fb7-37d0d52dc557,off,0.02
2c79c49d-c247-42c4-9126-a65c0ec1a1be,1,40,a6bd3315-d04f-461d-8969-f974197519c2,off,0.02
2c79c49d-c247-42c4-9126-a65c0ec1a1be,1,40,1d8c643f-4534-4413-82ff-ffce5379f9f8,off,0.02
2c79c49d-c247-42c4-9126-a65c0ec1a1be,1,40,4f130bf0-9daf-4765-98c2-fb79bd4bd76d,off,0.02
2c79c49d-c247-42c4-9126-a65c0ec1a1be,1,62,ab27d068-5ae3-4623-b8c4-d6bbb6858e57,on,0.02
2c79c49d-c247-42c4-9126-a65c0ec1a1be,1,62,1b48264e-4f71-4aaf-a263-62ba01d12b63,on,0.02
2c79c49d-c247-42c4-9126-a65c0ec1a1be,1,62,d85b6a42-b1d6-49e1-a53d-3e33dd19d2e1,on,0.02
2c79c49d-c247-42c4-9126-a65c0ec1a1be,1,62,42976da2-0f24-11e2-8525-18a905767e44,on,0.02
2c79c49d-c247-42c4-9126-a65c0ec1a1be,1,62,42ee4e8e-0f24-11e2-8525-18a905767e44,on,0.02
2c79c49d-c247-42c4-9126-a65c0ec1a1be,1,62,1e2dfac4-9f24-4d83-a6f0-ba1a75dd97dc,off,0.02
2c79c49d-c247-42c4-9126-a65c0ec1a1be,1,62,1647e454-d549-4b8d-9e37-664b4df016dc,off,0.02
2c79c49d-c247-42c4-9126-a65c0ec1a1be,1,62,0992487d-52ee-4ec5-ac3a-9f4d583e60ac,off,0.02
2c79c49d-c247-42c4-9126-a65c0ec1a1be,1,62,90dea399-c04f-488a-a3b9-1fb82134120e,off,0.02
2c79c49d-c247-42c4-9126-a65c0ec1a1be,1,62,44d57a66-a309-4b0f-9f98-c8fe1b3fa160,off,0.02
2c79c49d-c247-42c4-9126-a65c0ec1a1be,1,62,a275b483-0533-4cf5-9417-9b6205bc21e0,off,0.02
2c79c49d-c247-42c4-9126-a65c0ec1a1be,1,62,f06b20b4-9be3-4967-bca2-6723acdbf5d4,off,0.02
2c79c49d-c247-42c4-9126-a65c0ec1a1be,1,62,c1a4a8ba-3332-40f9-abc3-b953b3cd087f,off,0.02
2c79c49d-c247-42c4-9126-a65c0ec1a1be,1,62,80d33054-c02b-42a2-bcc4-cd0dc89ce1bc,off,0.02
2c79c49d-c247-42c4-9126-a65c0ec1a1be,1,62,3791d252-2f12-4a56-a7e4-6b3d15d2ed72,off,0.02
2c79c49d-c247-42c4-9126-a65c0ec1a1be,1,62,3e49a197-8b0b-4360-80d3-da76ca8889b2,off,0.02
2c79c49d-c247-42c4-9126-a65c0ec1a1be,1,62,b2b1b4c3-fe22-4bf9-beb7-49c716b278de,off,0.02
2c79c49d-c247-42c4-9126-a65c0ec1a1be,1,62,d2347f44-035e-418e-ade7-84e9c7472c65,off,0.02
2c79c49d-c247-42c4-9126-a65c0ec1a1be,1,200,20323392-b186-4f46-b32f-f28b3f32c01c,on,0.12
2c79c49d-c247-42c4-9126-a65c0ec1a1be,1,200,353f9e1c-5782-407a-9950-51a94d052567,on,0.12
2c79c49d-c247-42c4-9126-a65c0ec1a1be,1,200,436ef17d-0f24-11e2-8525-18a905767e44,on,0.12
2c79c49d-c247-42c4-9126-a65c0ec1a1be,1,200,f5a7d914-02d4-4821-9dfd-83160eb58003,on,0.12
2c79c49d-c247-42c4-9126-a65c0ec1a1be,1,200,9cface5b-dca2-4cfa-a990-9f6dfa150ca1,on,0.12
2c79c49d-c247-42c4-9126-a65c0ec1a1be,1,200,371333ea-0157-4c17-9d08-58de23433cfd,off,0.12
2c79c49d-c247-42c4-9126-a65c0ec1a1be,1,200,46ebc2ab-7e0b-4c07-8b5a-9c8fa0509494,off,0.12
2c79c49d-c247-42c4-9126-a65c0ec1a1be,1,200,b8aeaff3-6f9f-458c-b2a7-d6e7e33754e8,off,0.12
2c79c49d-c247-42c4-9126-a65c0ec1a1be,1,200,a719751e-58f4-44e6-a8a3-b0fcfe5add7c,off,0.12
2c79c49d-c247-42c4-9126-a65c0ec1a1be,1,200,b2265192-8a74-4401-955e-629899f5292b,off,0.12
2c79c49d-c247-42c4-9126-a65c0ec1a1be,1,200,0cc207c2-d69d-4c56-acbb-3cd9fa01321c,off,0.12
2c79c49d-c247-42c4-9126-a65c0ec1a1be,1,200,b94c7db3-3cda-4ae0-8359-8ebd60eb658c,off,0.12
2c79c49d-c247-42c4-9126-a65c0ec1a1be,1,200,5c78e3bd-fa23-431c-b2d9-7d52a3be0c20,off,0.12
2c79c49d-c247-42c4-9126-a65c0ec1a1be,1,200,0a52fe4d-eefb-42aa-9fb7-37d0d52dc557,off,0.12
2c79c49d-c247-42c4-9126-a65c0ec1a1be,1,200,a6bd3315-d04f-461d-8969-f974197519c2,off,0.12
2c79c49d-c247-42c4-9126-a65c0ec1a1be,1,200,1d8c643f-4534-4413-82ff-ffce5379f9f8,off,0.12
2c79c49d-c247-42c4-9126-a65c0ec1a1be,1,200,89fdc2bc-146f-4b21-81d9-6983fcf1f40c,off,0.12
2c79c49d-c247-42c4-9126-a65c0ec1a1be,1,200,4f130bf0-9daf-4765-98c2-fb79bd4bd76d,off,0.12
2c79c49d-c247-42c4-9126-a65c0ec1a1be,1,218,1e2dfac4-9f24-4d83-a6f0-ba1a75dd97dc,on,0.12
2c79c49d-c247-42c4-9126-a65c0ec1a1be,1,218,1647e454-d549-4b8d-9e37-664b4df016dc,on,0.12
2c79c49d-c247-42c4-9126-a65c0ec1a1be,1,218,44d57a66-a309-4b0f-9f98-c8fe1b3fa160,on,0.12
2c79c49d-c247-42c4-9126-a65c0ec1a1be,1,218,b2b1b4c3-fe22-4bf9-beb7-49c716b278de,on,0.12
2c79c49d-c247-42c4-9126-a65c0ec1a1be,1,218,42ee4e8e-0f24-11e2-8525-18a905767e44,on,0.12
2c79c49d-c247-42c4-9126-a65c0ec1a1be,1,218,0992487d-52ee-4ec5-ac3a-9f4d583e60ac,off,0.12
2c79c49d-c247-42c4-9126-a65c0ec1a1be,1,218,90dea399-c04f-488a-a3b9-1fb82134120e,off,0.12
2c79c49d-c247-42c4-9126-a65c0ec1a1be,1,218,a275b483-0533-4cf5-9417-9b6205bc21e0,off,0.12
2c79c49d-c247-42c4-9126-a65c0ec1a1be,1,218,f06b20b4-9be3-4967-bca2-6723acdbf5d4,off,0.12
2c79c49d-c247-42c4-9126-a65c0ec1a1be,1,218,ab27d068-5ae3-4623-b8c4-d6bbb6858e57,off,0.12
2c79c49d-c247-42c4-9126-a65c0ec1a1be,1,218,c1a4a8ba-3332-40f9-abc3-b953b3cd087f,off,0.12
2c79c49d-c247-42c4-9126-a65c0ec1a1be,1,218,80d33054-c02b-42a2-bcc4-cd0dc89ce1bc,off,0.12
2c79c49d-c247-42c4-9126-a65c0ec1a1be,1,218,1b48264e-4f71-4aaf-a263-62ba01d12b63,off,0.12
2c79c49d-c247-42c4-9126-a65c0ec1a1be,1,218,3791d252-2f12-4a56-a7e4-6b3d15d2ed72,off,0.12
2c79c49d-c247-42c4-9126-a65c0ec1a1be,1,218,d85b6a42-b1d6-49e1-a53d-3e33dd19d2e1,off,0.12
2c79c49d-c247-42c4-9126-a65c0ec1a1be,1,218,3e49a197-8b0b-4360-80d3-da76ca8889b2,off,0.12
2c79c49d-c247-42c4-9126-a65c0ec1a1be,1,218,42976da2-0f24-11e2-8525-18a905767e44,off,0.12
2c79c49d-c247-42c4-9126-a65c0ec1a1be,1,218,d2347f44-035e-418e-ade7-84e9c7472c65,off,0.12
2c79c49d-c247-42c4-9126-a65c0ec1a1be,1,226,1e2dfac4-9f24-4d83-a6f0-ba1a75dd97dc,on,0.02
2c79c49d-c247-42c4-9126-a65c0ec1a1be,1,226,1647e454-d549-4b8d-9e37-664b4df016dc,on,0.02
2c79c49d-c247-42c4-9126-a65c0ec1a1be,1,226,44d57a66-a309-4b0f-9f98-c8fe1b3fa160,on,0.02
2c79c49d-c247-42c4-9126-a65c0ec1a1be,1,226,b2b1b4c3-fe22-4bf9-beb7-49c716b278de,on,0.02
2c79c49d-c247-42c4-9126-a65c0ec1a1be,1,226,42ee4e8e-0f24-11e2-8525-18a905767e44,on,0.02
2c79c49d-c247-42c4-9126-a65c0ec1a1be,1,226,0992487d-52ee-4ec5-ac3a-9f4d583e60ac,off,0.02
2c79c49d-c247-42c4-9126-a65c0ec1a1be,1,226,90dea399-c04f-488a-a3b9-1fb82134120e,off,0.02
2c79c49d-c247-42c4-9126-a65c0ec1a1be,1,226,a275b483-0533-4cf5-9417-9b6205bc21e0,off,0.02
2c79c49d-c247-42c4-9126-a65c0ec1a1be,1,226,f06b20b4-9be3-4967-bca2-6723acdbf5d4,off,0.02
2c79c49d-c247-42c4-9126-a65c0ec1a1be,1,226,ab27d068-5ae3-4623-b8c4-d6bbb6858e57,off,0.02
2c79c49d-c247-42c4-9126-a65c0ec1a1be,1,226,c1a4a8ba-3332-40f9-abc3-b953b3cd087f,off,0.02
2c79c49d-c247-42c4-9126-a65c0ec1a1be,1,226,80d33054-c02b-42a2-bcc4-cd0dc89ce1bc,off,0.02
2c79c49d-c247-42c4-9126-a65c0ec1a1be,1,226,1b48264e-4f71-4aaf-a263-62ba01d12b63,off,0.02
2c79c49d-c247-42c4-9126-a65c0ec1a1be,1,226,3791d252-2f12-4a56-a7e4-6b3d15d2ed72,off,0.02
2c79c49d-c247-42c4-9126-a65c0ec1a1be,1,226,d85b6a42-b1d6-49e1-a53d-3e33dd19d2e1,off,0.02
2c79c49d-c247-42c4-9126-a65c0ec1a1be,1,226,3e49a197-8b0b-4360-80d3-da76ca8889b2,off,0.02
2c79c49d-c247-42c4-9126-a65c0ec1a1be,1,226,42976da2-0f24-11e2-8525-18a905767e44,off,0.02
2c79c49d-c247-42c4-9126-a65c0ec1a1be,1,226,d2347f44-035e-418e-ade7-84e9c7472c65,off,0.02
2c79c49d-c247-42c4-9126-a65c0ec1a1be,1,438,ab27d068-5ae3-4623-b8c4-d6bbb6858e57,on,0.2
2c79c49d-c247-42c4-9126-a65c0ec1a1be,1,438,1b48264e-4f71-4aaf-a263-62ba01d12b63,on,0.2
2c79c49d-c247-42c4-9126-a65c0ec1a1be,1,438,d85b6a42-b1d6-49e1-a53d-3e33dd19d2e1,on,0.2
2c79c49d-c247-42c4-9126-a65c0ec1a1be,1,438,42976da2-0f24-11e2-8525-18a905767e44,on,0.2
2c79c49d-c247-42c4-9126-a65c0ec1a1be,1,438,42ee4e8e-0f24-11e2-8525-18a905767e44,on,0.2
2c79c49d-c247-42c4-9126-a65c0ec1a1be,1,438,1e2dfac4-9f24-4d83-a6f0-ba1a75dd97dc,off,0.2
2c79c49d-c247-42c4-9126-a65c0ec1a1be,1,438,1647e454-d549-4b8d-9e37-664b4df016dc,off,0.2
2c79c49d-c247-42c4-9126-a65c0ec1a1be,1,438,0992487d-52ee-4ec5-ac3a-9f4d583e60ac,off,0.2
2c79c49d-c247-42c4-9126-a65c0ec1a1be,1,438,90dea399-c04f-488a-a3b9-1fb82134120e,off,0.2
2c79c49d-c247-42c4-9126-a65c0ec1a1be,1,438,44d57a66-a309-4b0f-9f98-c8fe1b3fa160,off,0.2
2c79c49d-c247-42c4-9126-a65c0ec1a1be,1,438,a275b483-0533-4cf5-9417-9b6205bc21e0,off,0.2
2c79c49d-c247-42c4-9126-a65c0ec1a1be,1,438,f06b20b4-9be3-4967-bca2-6723acdbf5d4,off,0.2
2c79c49d-c247-42c4-9126-a65c0ec1a1be,1,438,c1a4a8ba-3332-40f9-abc3-b953b3cd087f,off,0.2
2c79c49d-c247-42c4-9126-a65c0ec1a1be,1,438,80d33054-c02b-42a2-bcc4-cd0dc89ce1bc,off,0.2
2c79c49d-c247-42c4-9126-a65c0ec1a1be,1,438,3791d252-2f12-4a56-a7e4-6b3d15d2ed72,off,0.2
2c79c49d-c247-42c4-9126-a65c0ec1a1be,1,438,3e49a197-8b0b-4360-80d3-da76ca8889b2,off,0.2
2c79c49d-c247-42c4-9126-a65c0ec1a1be,1,438,b2b1b4c3-fe22-4bf9-beb7-49c716b278de,off,0.2
2c79c49d-c247-42c4-9126-a65c0ec1a1be,1,438,d2347f44-035e-418e-ade7-84e9c7472c65,off,0.2
2c79c49d-c247-42c4-9126-a65c0ec1a1be,1,506,b2265192-8a74-4401-955e-629899f5292b,on,0.02
2c79c49d-c247-42c4-9126-a65c0ec1a1be,1,506,0cc207c2-d69d-4c56-acbb-3cd9fa01321c,on,0.02
2c79c49d-c247-42c4-9126-a65c0ec1a1be,1,506,436ef17d-0f24-11e2-8525-18a905767e44,on,0.02
2c79c49d-c247-42c4-9126-a65c0ec1a1be,1,506,0a52fe4d-eefb-42aa-9fb7-37d0d52dc557,on,0.02
2c79c49d-c247-42c4-9126-a65c0ec1a1be,1,506,4f130bf0-9daf-4765-98c2-fb79bd4bd76d,on,0.02
2c79c49d-c247-42c4-9126-a65c0ec1a1be,1,506,371333ea-0157-4c17-9d08-58de23433cfd,off,0.02
2c79c49d-c247-42c4-9126-a65c0ec1a1be,1,506,20323392-b186-4f46-b32f-f28b3f32c01c,off,0.02
2c79c49d-c247-42c4-9126-a65c0ec1a1be,1,506,46ebc2ab-7e0b-4c07-8b5a-9c8fa0509494,off,0.02
2c79c49d-c247-42c4-9126-a65c0ec1a1be,1,506,b8aeaff3-6f9f-458c-b2a7-d6e7e33754e8,off,0.02
2c79c49d-c247-42c4-9126-a65c0ec1a1be,1,506,a719751e-58f4-44e6-a8a3-b0fcfe5add7c,off,0.02
2c79c49d-c247-42c4-9126-a65c0ec1a1be,1,506,353f9e1c-5782-407a-9950-51a94d052567,off,0.02
2c79c49d-c247-42c4-9126-a65c0ec1a1be,1,506,b94c7db3-3cda-4ae0-8359-8ebd60eb658c,off,0.02
2c79c49d-c247-42c4-9126-a65c0ec1a1be,1,506,5c78e3bd-fa23-431c-b2d9-7d52a3be0c20,off,0.02
2c79c49d-c247-42c4-9126-a65c0ec1a1be,1,506,f5a7d914-02d4-4821-9dfd-83160eb58003,off,0.02
2c79c49d-c247-42c4-9126-a65c0ec1a1be,1,506,9cface5b-dca2-4cfa-a990-9f6dfa150ca1,off,0.02
2c79c49d-c247-42c4-9126-a65c0ec1a1be,1,506,a6bd3315-d04f-461d-8969-f974197519c2,off,0.02
2c79c49d-c247-42c4-9126-a65c0ec1a1be,1,506,1d8c643f-4534-4413-82ff-ffce5379f9f8,off,0.02
2c79c49d-c247-42c4-9126-a65c0ec1a1be,1,506,89fdc2bc-146f-4b21-81d9-6983fcf1f40c,off,0.02
2c79c49d-c247-42c4-9126-a65c0ec1a1be,1,519,46ebc2ab-7e0b-4c07-8b5a-9c8fa0509494,on,0.08
2c79c49d-c247-42c4-9126-a65c0ec1a1be,1,519,a719751e-58f4-44e6-a8a3-b0fcfe5add7c,on,0.08
2c79c49d-c247-42c4-9126-a65c0ec1a1be,1,519,b2265192-8a74-4401-955e-629899f5292b,on,0.08
2c79c49d-c247-42c4-9126-a65c0ec1a1be,1,519,0cc207c2-d69d-4c56-acbb-3cd9fa01321c,on,0.08
2c79c49d-c247-42c4-9126-a65c0ec1a1be,1,519,b94c7db3-3cda-4ae0-8359-8ebd60eb658c,on,0.08
2c79c49d-c247-42c4-9126-a65c0ec1a1be,1,519,436ef17d-0f24-11e2-8525-18a905767e44,on,0.08
2c79c49d-c247-42c4-9126-a65c0ec1a1be,1,519,5c78e3bd-fa23-431c-b2d9-7d52a3be0c20,on,0.08
2c79c49d-c247-42c4-9126-a65c0ec1a1be,1,519,0a52fe4d-eefb-42aa-9fb7-37d0d52dc557,on,0.08
2c79c49d-c247-42c4-9126-a65c0ec1a1be,1,519,89fdc2bc-146f-4b21-81d9-6983fcf1f40c,on,0.08
2c79c49d-c247-42c4-9126-a65c0ec1a1be,1,519,4f130bf0-9daf-4765-98c2-fb79bd4bd76d,on,0.08
2c79c49d-c247-42c4-9126-a65c0ec1a1be,1,519,371333ea-0157-4c17-9d08-58de23433cfd,off,0.08
2c79c49d-c247-42c4-9126-a65c0ec1a1be,1,519,20323392-b186-4f46-b32f-f28b3f32c01c,off,0.08
2c79c49d-c247-42c4-9126-a65c0ec1a1be,1,519,b8aeaff3-6f9f-458c-b2a7-d6e7e33754e8,off,0.08
2c79c49d-c247-42c4-9126-a65c0ec1a1be,1,519,353f9e1c-5782-407a-9950-51a94d052567,off,0.08
2c79c49d-c247-42c4-9126-a65c0ec1a1be,1,519,f5a7d914-02d4-4821-9dfd-83160eb58003,off,0.08
2c79c49d-c247-42c4-9126-a65c0ec1a1be,1,519,9cface5b-dca2-4cfa-a990-9f6dfa150ca1,off,0.08
2c79c49d-c247-42c4-9126-a65c0ec1a1be,1,519,a6bd3315-d04f-461d-8969-f974197519c2,off,0.08
2c79c49d-c247-42c4-9126-a65c0ec1a1be,1,519,1d8c643f-4534-4413-82ff-ffce5379f9f8,off,0.08
2c79c49d-c247-42c4-9126-a65c0ec1a1be,1,546,46ebc2ab-7e0b-4c07-8b5a-9c8fa0509494,on,0.12
2c79c49d-c247-42c4-9126-a65c0ec1a1be,1,546,a719751e-58f4-44e6-a8a3-b0fcfe5add7c,on,0.12
2c79c49d-c247-42c4-9126-a65c0ec1a1be,1,546,b94c7db3-3cda-4ae0-8359-8ebd60eb658c,on,0.12
2c79c49d-c247-42c4-9126-a65c0ec1a1be,1,546,5c78e3bd-fa23-431c-b2d9-7d52a3be0c20,on,0.12
2c79c49d-c247-42c4-9126-a65c0ec1a1be,1,546,89fdc2bc-146f-4b21-81d9-6983fcf1f40c,on,0.12
2c79c49d-c247-42c4-9126-a65c0ec1a1be,1,546,371333ea-0157-4c17-9d08-58de23433cfd,off,0.12
2c79c49d-c247-42c4-9126-a65c0ec1a1be,1,546,20323392-b186-4f46-b32f-f28b3f32c01c,off,0.12
2c79c49d-c247-42c4-9126-a65c0ec1a1be,1,546,b8aeaff3-6f9f-458c-b2a7-d6e7e33754e8,off,0.12
2c79c49d-c247-42c4-9126-a65c0ec1a1be,1,546,b2265192-8a74-4401-955e-629899f5292b,off,0.12
2c79c49d-c247-42c4-9126-a65c0ec1a1be,1,546,0cc207c2-d69d-4c56-acbb-3cd9fa01321c,off,0.12
2c79c49d-c247-42c4-9126-a65c0ec1a1be,1,546,353f9e1c-5782-407a-9950-51a94d052567,off,0.12
2c79c49d-c247-42c4-9126-a65c0ec1a1be,1,546,436ef17d-0f24-11e2-8525-18a905767e44,off,0.12
2c79c49d-c247-42c4-9126-a65c0ec1a1be,1,546,f5a7d914-02d4-4821-9dfd-83160eb58003,off,0.12
2c79c49d-c247-42c4-9126-a65c0ec1a1be,1,546,9cface5b-dca2-4cfa-a990-9f6dfa150ca1,off,0.12
2c79c49d-c247-42c4-9126-a65c0ec1a1be,1,546,0a52fe4d-eefb-42aa-9fb7-37d0d52dc557,off,0.12
2c79c49d-c247-42c4-9126-a65c0ec1a1be,1,546,a6bd3315-d04f-461d-8969-f974197519c2,off,0.12
2c79c49d-c247-42c4-9126-a65c0ec1a1be,1,546,1d8c643f-4534-4413-82ff-ffce5379f9f8,off,0.12
2c79c49d-c247-42c4-9126-a65c0ec1a1be,1,546,4f130bf0-9daf-4765-98c2-fb79bd4bd76d,off,0.12
2c79c49d-c247-42c4-9126-a65c0ec1a1be,1,552,46ebc2ab-7e0b-4c07-8b5a-9c8fa0509494,on,0.02
2c79c49d-c247-42c4-9126-a65c0ec1a1be,1,552,a719751e-58f4-44e6-a8a3-b0fcfe5add7c,on,0.02
2c79c49d-c247-42c4-9126-a65c0ec1a1be,1,552,b94c7db3-3cda-4ae0-8359-8ebd60eb658c,on,0.02
2c79c49d-c247-42c4-9126-a65c0ec1a1be,1,552,5c78e3bd-fa23-431c-b2d9-7d52a3be0c20,on,0.02
2c79c49d-c247-42c4-9126-a65c0ec1a1be,1,552,89fdc2bc-146f-4b21-81d9-6983fcf1f40c,on,0.02
2c79c49d-c247-42c4-9126-a65c0ec1a1be,1,552,371333ea-0157-4c17-9d08-58de23433cfd,off,0.02
2c79c49d-c247-42c4-9126-a65c0ec1a1be,1,552,20323392-b186-4f46-b32f-f28b3f32c01c,off,0.02
2c79c49d-c247-42c4-9126-a65c0ec1a1be,1,552,b8aeaff3-6f9f-458c-b2a7-d6e7e33754e8,off,0.02
2c79c49d-c247-42c4-9126-a65c0ec1a1be,1,552,b2265192-8a74-4401-955e-629899f5292b,off,0.02
2c79c49d-c247-42c4-9126-a65c0ec1a1be,1,552,0cc207c2-d69d-4c56-acbb-3cd9fa01321c,off,0.02
2c79c49d-c247-42c4-9126-a65c0ec1a1be,1,552,353f9e1c-5782-407a-9950-51a94d052567,off,0.02
2c79c49d-c247-42c4-9126-a65c0ec1a1be,1,552,436ef17d-0f24-11e2-8525-18a905767e44,off,0.02
2c79c49d-c247-42c4-9126-a65c0ec1a1be,1,552,f5a7d914-02d4-4821-9dfd-83160eb58003,off,0.02
2c79c49d-c247-42c4-9126-a65c0ec1a1be,1,552,9cface5b-dca2-4cfa-a990-9f6dfa150ca1,off,0.02
2c79c49d-c247-42c4-9126-a65c0ec1a1be,1,552,0a52fe4d-eefb-42aa-9fb7-37d0d52dc557,off,0.02
2c79c49d-c247-42c4-9126-a65c0ec1a1be,1,552,a6bd3315-d04f-461d-8969-f974197519c2,off,0.02
2c79c49d-c247-42c4-9126-a65c0ec1a1be,1,552,1d8c643f-4534-4413-82ff-ffce5379f9f8,off,0.02
2c79c49d-c247-42c4-9126-a65c0ec1a1be,1,552,4f130bf0-9daf-4765-98c2-fb79bd4bd76d,off,0.02
2c79c49d-c247-42c4-9126-a65c0ec1a1be,1,691,46ebc2ab-7e0b-4c07-8b5a-9c8fa0509494,on,0.04
2c79c49d-c247-42c4-9126-a65c0ec1a1be,1,691,0cc207c2-d69d-4c56-acbb-3cd9fa01321c,on,0.04
2c79c49d-c247-42c4-9126-a65c0ec1a1be,1,691,353f9e1c-5782-407a-9950-51a94d052567,on,0.04
2c79c49d-c247-42c4-9126-a65c0ec1a1be,1,691,89fdc2bc-146f-4b21-81d9-6983fcf1f40c,on,0.04
2c79c49d-c247-42c4-9126-a65c0ec1a1be,1,691,371333ea-0157-4c17-9d08-58de23433cfd,off,0.04
2c79c49d-c247-42c4-9126-a65c0ec1a1be,1,691,20323392-b186-4f46-b32f-f28b3f32c01c,off,0.04
2c79c49d-c247-42c4-9126-a65c0ec1a1be,1,691,b8aeaff3-6f9f-458c-b2a7-d6e7e33754e8,off,0.04
2c79c49d-c247-42c4-9126-a65c0ec1a1be,1,691,a719751e-58f4-44e6-a8a3-b0fcfe5add7c,off,0.04
2c79c49d-c247-42c4-9126-a65c0ec1a1be,1,691,b2265192-8a74-4401-955e-629899f5292b,off,0.04
2c79c49d-c247-42c4-9126-a65c0ec1a1be,1,691,b94c7db3-3cda-4ae0-8359-8ebd60eb658c,off,0.04
2c79c49d-c247-42c4-9126-a65c0ec1a1be,1,691,436ef17d-0f24-11e2-8525-18a905767e44,off,0.04
2c79c49d-c247-42c4-9126-a65c0ec1a1be,1,691,5c78e3bd-fa23-431c-b2d9-7d52a3be0c20,off,0.04
2c79c49d-c247-42c4-9126-a65c0ec1a1be,1,691,f5a7d914-02d4-4821-9dfd-83160eb58003,off,0.04
2c79c49d-c247-42c4-9126-a65c0ec1a1be,1,691,9cface5b-dca2-4cfa-a990-9f6dfa150ca1,off,0.04
2c79c49d-c247-42c4-9126-a65c0ec1a1be,1,691,0a52fe4d-eefb-42aa-9fb7-37d0d52dc557,off,0.04
2c79c49d-c247-42c4-9126-a65c0ec1a1be,1,691,a6bd3315-d04f-461d-8969-f974197519c2,off,0.04
2c79c49d-c247-42c4-9126-a65c0ec1a1be,1,691,1d8c643f-4534-4413-82ff-ffce5379f9f8,off,0.04
2c79c49d-c247-42c4-9126-a65c0ec1a1be,1,691,4f130bf0-9daf-4765-98c2-fb79bd4bd76d,off,0.04
2c79c49d-c247-42c4-9126-a65c0ec1a1be,1,867,20323392-b186-4f46-b32f-f28b3f32c01c,on,0.12
2c79c49d-c247-42c4-9126-a65c0ec1a1be,1,867,353f9e1c-5782-407a-9950-51a94d052567,on,0.12
2c79c49d-c247-42c4-9126-a65c0ec1a1be,1,867,f5a7d914-02d4-4821-9dfd-83160eb58003,on,0.12
2c79c49d-c247-42c4-9126-a65c0ec1a1be,1,867,9cface5b-dca2-4cfa-a990-9f6dfa150ca1,on,0.12
2c79c49d-c247-42c4-9126-a65c0ec1a1be,1,867,a6bd3315-d04f-461d-8969-f974197519c2,on,0.12
2c79c49d-c247-42c4-9126-a65c0ec1a1be,1,867,371333ea-0157-4c17-9d08-58de23433cfd,off,0.12
2c79c49d-c247-42c4-9126-a65c0ec1a1be,1,867,46ebc2ab-7e0b-4c07-8b5a-9c8fa0509494,off,0.12
2c79c49d-c247-42c4-9126-a65c0ec1a1be,1,867,b8aeaff3-6f9f-458c-b2a7-d6e7e33754e8,off,0.12
2c79c49d-c247-42c4-9126-a65c0ec1a1be,1,867,a719751e-58f4-44e6-a8a3-b0fcfe5add7c,off,0.12
2c79c49d-c247-42c4-9126-a65c0ec1a1be,1,867,b2265192-8a74-4401-955e-629899f5292b,off,0.12
2c79c49d-c247-42c4-9126-a65c0ec1a1be,1,867,0cc207c2-d69d-4c56-acbb-3cd9fa01321c,off,0.12
2c79c49d-c247-42c4-9126-a65c0ec1a1be,1,867,b94c7db3-3cda-4ae0-8359-8ebd60eb658c,off,0.12
2c79c49d-c247-42c4-9126-a65c0ec1a1be,1,867,436ef17d-0f24-11e2-8525-18a905767e44,off,0.12
2c79c49d-c247-42c4-9126-a65c0ec1a1be,1,867,5c78e3bd-fa23-431c-b2d9-7d52a3be0c20,off,0.12
2c79c49d-c247-42c4-9126-a65c0ec1a1be,1,867,0a52fe4d-eefb-42aa-9fb7-37d0d52dc557,off,0.12
2c79c49d-c247-42c4-9126-a65c0ec1a1be,1,867,1d8c643f-4534-4413-82ff-ffce5379f9f8,off,0.12
2c79c49d-c247-42c4-9126-a65c0ec1a1be,1,867,89fdc2bc-146f-4b21-81d9-6983fcf1f40c,off,0.12
2c79c49d-c247-42c4-9126-a65c0ec1a1be,1,867,4f130bf0-9daf-4765-98c2-fb79bd4bd76d,off,0.12
2c79c49d-c247-42c4-9126-a65c0ec1a1be,1,938,20323392-b186-4f46-b32f-f28b3f32c01c,on,0.02
2c79c49d-c247-42c4-9126-a65c0ec1a1be,1,938,b2265192-8a74-4401-955e-629899f5292b,on,0.02
2c79c49d-c247-42c4-9126-a65c0ec1a1be,1,938,353f9e1c-5782-407a-9950-51a94d052567,on,0.02
2c79c49d-c247-42c4-9126-a65c0ec1a1be,1,938,b94c7db3-3cda-4ae0-8359-8ebd60eb658c,on,0.02
2c79c49d-c247-42c4-9126-a65c0ec1a1be,1,938,5c78e3bd-fa23-431c-b2d9-7d52a3be0c20,on,0.02
2c79c49d-c247-42c4-9126-a65c0ec1a1be,1,938,f5a7d914-02d4-4821-9dfd-83160eb58003,on,0.02
2c79c49d-c247-42c4-9126-a65c0ec1a1be,1,938,9cface5b-dca2-4cfa-a990-9f6dfa150ca1,on,0.02
2c79c49d-c247-42c4-9126-a65c0ec1a1be,1,938,a6bd3315-d04f-461d-8969-f974197519c2,on,0.02
2c79c49d-c247-42c4-9126-a65c0ec1a1be,1,938,89fdc2bc-146f-4b21-81d9-6983fcf1f40c,on,0.02
2c79c49d-c247-42c4-9126-a65c0ec1a1be,1,938,4f130bf0-9daf-4765-98c2-fb79bd4bd76d,on,0.02
2c79c49d-c247-42c4-9126-a65c0ec1a1be,1,938,371333ea-0157-4c17-9d08-58de23433cfd,off,0.02
2c79c49d-c247-42c4-9126-a65c0ec1a1be,1,938,46ebc2ab-7e0b-4c07-8b5a-9c8fa0509494,off,0.02
2c79c49d-c247-42c4-9126-a65c0ec1a1be,1,938,b8aeaff3-6f9f-458c-b2a7-d6e7e33754e8,off,0.02
2c79c49d-c247-42c4-9126-a65c0ec1a1be,1,938,a719751e-58f4-44e6-a8a3-b0fcfe5add7c,off,0.02
2c79c49d-c247-42c4-9126-a65c0ec1a1be,1,938,0cc207c2-d69d-4c56-acbb-3cd9fa01321c,off,0.02
2c79c49d-c247-42c4-9126-a65c0ec1a1be,1,938,436ef17d-0f24-11e2-8525-18a905767e44,off,0.02
2c79c49d-c247-42c4-9126-a65c0ec1a1be,1,938,0a52fe4d-eefb-42aa-9fb7-37d0d52dc557,off,0.02
2c79c49d-c247-42c4-9126-a65c0ec1a1be,1,938,1d8c643f-4534-4413-82ff-ffce5379f9f8,off,0.02
2c79c49d-c247-42c4-9126-a65c0ec1a1be,1,954,ab27d068-5ae3-4623-b8c4-d6bbb6858e57,on,0.08
2c79c49d-c247-42c4-9126-a65c0ec1a1be,1,954,1b48264e-4f71-4aaf-a263-62ba01d12b63,on,0.08
2c79c49d-c247-42c4-9126-a65c0ec1a1be,1,954,d85b6a42-b1d6-49e1-a53d-3e33dd19d2e1,on,0.08
2c79c49d-c247-42c4-9126-a65c0ec1a1be,1,954,42976da2-0f24-11e2-8525-18a905767e44,on,0.08
2c79c49d-c247-42c4-9126-a65c0ec1a1be,1,954,42ee4e8e-0f24-11e2-8525-18a905767e44,on,0.08
2c79c49d-c247-42c4-9126-a65c0ec1a1be,1,954,1e2dfac4-9f24-4d83-a6f0-ba1a75dd97dc,off,0.08
2c79c49d-c247-42c4-9126-a65c0ec1a1be,1,954,1647e454-d549-4b8d-9e37-664b4df016dc,off,0.08
2c79c49d-c247-42c4-9126-a65c0ec1a1be,1,954,0992487d-52ee-4ec5-ac3a-9f4d583e60ac,off,0.08
2c79c49d-c247-42c4-9126-a65c0ec1a1be,1,954,90dea399-c04f-488a-a3b9-1fb82134120e,off,0.08
2c79c49d-c247-42c4-9126-a65c0ec1a1be,1,954,44d57a66-a309-4b0f-9f98-c8fe1b3fa160,off,0.08
2c79c49d-c247-42c4-9126-a65c0ec1a1be,1,954,a275b483-0533-4cf5-9417-9b6205bc21e0,off,0.08
2c79c49d-c247-42c4-9126-a65c0ec1a1be,1,954,f06b20b4-9be3-4967-bca2-6723acdbf5d4,off,0.08
2c79c49d-c247-42c4-9126-a65c0ec1a1be,1,954,c1a4a8ba-3332-40f9-abc3-b953b3cd087f,off,0.08
2c79c49d-c247-42c4-9126-a65c0ec1a1be,1,954,80d33054-c02b-42a2-bcc4-cd0dc89ce1bc,off,0.08
2c79c49d-c247-42c4-9126-a65c0ec1a1be,1,954,3791d252-2f12-4a56-a7e4-6b3d15d2ed72,off,0.08
2c79c49d-c247-42c4-9126-a65c0ec1a1be,1,954,3e49a197-8b0b-4360-80d3-da76ca8889b2,off,0.08
2c79c49d-c247-42c4-9126-a65c0ec1a1be,1,954,b2b1b4c3-fe22-4bf9-beb7-49c716b278de,off,0.08
2c79c49d-c247-42c4-9126-a65c0ec1a1be,1,954,d2347f44-035e-418e-ade7-84e9c7472c65,off,0.08
2c79c49d-c247-42c4-9126-a65c0ec1a1be,1,1006,ab27d068-5ae3-4623-b8c4-d6bbb6858e57,on,0.02
2c79c49d-c247-42c4-9126-a65c0ec1a1be,1,1006,80d33054-c02b-42a2-bcc4-cd0dc89ce1bc,on,0.02
2c79c49d-c247-42c4-9126-a65c0ec1a1be,1,1006,1b48264e-4f71-4aaf-a263-62ba01d12b63,on,0.02
2c79c49d-c247-42c4-9126-a65c0ec1a1be,1,1006,d85b6a42-b1d6-49e1-a53d-3e33dd19d2e1,on,0.02
2c79c49d-c247-42c4-9126-a65c0ec1a1be,1,1006,d2347f44-035e-418e-ade7-84e9c7472c65,on,0.02
2c79c49d-c247-42c4-9126-a65c0ec1a1be,1,1006,1e2dfac4-9f24-4d83-a6f0-ba1a75dd97dc,off,0.02
2c79c49d-c247-42c4-9126-a65c0ec1a1be,1,1006,1647e454-d549-4b8d-9e37-664b4df016dc,off,0.02
2c79c49d-c247-42c4-9126-a65c0ec1a1be,1,1006,0992487d-52ee-4ec5-ac3a-9f4d583e60ac,off,0.02
2c79c49d-c247-42c4-9126-a65c0ec1a1be,1,1006,90dea399-c04f-488a-a3b9-1fb82134120e,off,0.02
2c79c49d-c247-42c4-9126-a65c0ec1a1be,1,1006,44d57a66-a309-4b0f-9f98-c8fe1b3fa160,off,0.02
2c79c49d-c247-42c4-9126-a65c0ec1a1be,1,1006,a275b483-0533-4cf5-9417-9b6205bc21e0,off,0.02
2c79c49d-c247-42c4-9126-a65c0ec1a1be,1,1006,f06b20b4-9be3-4967-bca2-6723acdbf5d4,off,0.02
2c79c49d-c247-42c4-9126-a65c0ec1a1be,1,1006,c1a4a8ba-3332-40f9-abc3-b953b3cd087f,off,0.02
2c79c49d-c247-42c4-9126-a65c0ec1a1be,1,1006,3791d252-2f12-4a56-a7e4-6b3d15d2ed72,off,0.02
2c79c49d-c247-42c4-9126-a65c0ec1a1be,1,1006,3e49a197-8b0b-4360-80d3-da76ca8889b2,off,0.02
2c79c49d-c247-42c4-9126-a65c0ec1a1be,1,1006,b2b1b4c3-fe22-4bf9-beb7-49c716b278de,off,0.02
2c79c49d-c247-42c4-9126-a65c0ec1a1be,1,1006,42976da2-0f24-11e2-8525-18a905767e44,off,0.02
2c79c49d-c247-42c4-9126-a65c0ec1a1be,1,1006,42ee4e8e-0f24-11e2-8525-18a905767e44,off,0.02
2c79c49d-c247-42c4-9126-a65c0ec1a1be,1,1017,ab27d068-5ae3-4623-b8c4-d6bbb6858e57,on,0.12
2c79c49d-c247-42c4-9126-a65c0ec1a1be,1,1017,80d33054-c02b-42a2-bcc4-cd0dc89ce1bc,on,0.12
2c79c49d-c247-42c4-9126-a65c0ec1a1be,1,1017,1b48264e-4f71-4aaf-a263-62ba01d12b63,on,0.12
2c79c49d-c247-42c4-9126-a65c0ec1a1be,1,1017,d85b6a42-b1d6-49e1-a53d-3e33dd19d2e1,on,0.12
2c79c49d-c247-42c4-9126-a65c0ec1a1be,1,1017,d2347f44-035e-418e-ade7-84e9c7472c65,on,0.12
2c79c49d-c247-42c4-9126-a65c0ec1a1be,1,1017,1e2dfac4-9f24-4d83-a6f0-ba1a75dd97dc,off,0.12
2c79c49d-c247-42c4-9126-a65c0ec1a1be,1,1017,1647e454-d549-4b8d-9e37-664b4df016dc,off,0.12
2c79c49d-c247-42c4-9126-a65c0ec1a1be,1,1017,0992487d-52ee-4ec5-ac3a-9f4d583e60ac,off,0.12
2c79c49d-c247-42c4-9126-a65c0ec1a1be,1,1017,90dea399-c04f-488a-a3b9-1fb82134120e,off,0.12
2c79c49d-c247-42c4-9126-a65c0ec1a1be,1,1017,44d57a66-a309-4b0f-9f98-c8fe1b3fa160,off,0.12
2c79c49d-c247-42c4-9126-a65c0ec1a1be,1,1017,a275b483-0533-4cf5-9417-9b6205bc21e0,off,0.12
2c79c49d-c247-42c4-9126-a65c0ec1a1be,1,1017,f06b20b4-9be3-4967-bca2-6723acdbf5d4,off,0.12
2c79c49d-c247-42c4-9126-a65c0ec1a1be,1,1017,c1a4a8ba-3332-40f9-abc3-b953b3cd087f,off,0.12
2c79c49d-c247-42c4-9126-a65c0ec1a1be,1,1017,3791d252-2f12-4a56-a7e4-6b3d15d2ed72,off,0.12
2c79c49d-c247-42c4-9126-a65c0ec1a1be,1,1017,3e49a197-8b0b-4360-80d3-da76ca8889b2,off,0.12
2c79c49d-c247-42c4-9126-a65c0ec1a1be,1,1017,b2b1b4c3-fe22-4bf9-beb7-49c716b278de,off,0.12
2c79c49d-c247-42c4-9126-a65c0ec1a1be,1,1017,42976da2-0f24-11e2-8525-18a905767e44,off,0.12
2c79c49d-c247-42c4-9126-a65c0ec1a1be,1,1017,42ee4e8e-0f24-11e2-8525-18a905767e44,off,0.12
2c79c49d-c247-42c4-9126-a65c0ec1a1be,1,1117,46ebc2ab-7e0b-4c07-8b5a-9c8fa0509494,on,0.12
2c79c49d-c247-42c4-9126-a65c0ec1a1be,1,1117,a719751e-58f4-44e6-a8a3-b0fcfe5add7c,on,0.12
2c79c49d-c247-42c4-9126-a65c0ec1a1be,1,1117,9cface5b-dca2-4cfa-a990-9f6dfa150ca1,on,0.12
2c79c49d-c247-42c4-9126-a65c0ec1a1be,1,1117,89fdc2bc-146f-4b21-81d9-6983fcf1f40c,on,0.12
2c79c49d-c247-42c4-9126-a65c0ec1a1be,1,1117,371333ea-0157-4c17-9d08-58de23433cfd,off,0.12
2c79c49d-c247-42c4-9126-a65c0ec1a1be,1,1117,20323392-b186-4f46-b32f-f28b3f32c01c,off,0.12
2c79c49d-c247-42c4-9126-a65c0ec1a1be,1,1117,b8aeaff3-6f9f-458c-b2a7-d6e7e33754e8,off,0.12
2c79c49d-c247-42c4-9126-a65c0ec1a1be,1,1117,b2265192-8a74-4401-955e-629899f5292b,off,0.12
2c79c49d-c247-42c4-9126-a65c0ec1a1be,1,1117,0cc207c2-d69d-4c56-acbb-3cd9fa01321c,off,0.12
2c79c49d-c247-42c4-9126-a65c0ec1a1be,1,1117,353f9e1c-5782-407a-9950-51a94d052567,off,0.12
2c79c49d-c247-42c4-9126-a65c0ec1a1be,1,1117,b94c7db3-3cda-4ae0-8359-8ebd60eb658c,off,0.12
2c79c49d-c247-42c4-9126-a65c0ec1a1be,1,1117,436ef17d-0f24-11e2-8525-18a905767e44,off,0.12
2c79c49d-c247-42c4-9126-a65c0ec1a1be,1,1117,5c78e3bd-fa23-431c-b2d9-7d52a3be0c20,off,0.12
2c79c49d-c247-42c4-9126-a65c0ec1a1be,1,1117,f5a7d914-02d4-4821-9dfd-83160eb58003,off,0.12
2c79c49d-c247-42c4-9126-a65c0ec1a1be,1,1117,0a52fe4d-eefb-42aa-9fb7-37d0d52dc557,off,0.12
2c79c49d-c247-42c4-9126-a65c0ec1a1be,1,1117,a6bd3315-d04f-461d-8969-f974197519c2,off,0.12
2c79c49d-c247-42c4-9126-a65c0ec1a1be,1,1117,1d8c643f-4534-4413-82ff-ffce5379f9f8,off,0.12
2c79c49d-c247-42c4-9126-a65c0ec1a1be,1,1117,4f130bf0-9daf-4765-98c2-fb79bd4bd76d,off,0.12
2c79c49d-c247-42c4-9126-a65c0ec1a1be,2,1232,46ebc2ab-7e0b-4c07-8b5a-9c8fa0509494,on,0.02
2c79c49d-c247-42c4-9126-a65c0ec1a1be,2,1232,a719751e-58f4-44e6-a8a3-b0fcfe5add7c,on,0.02
2c79c49d-c247-42c4-9126-a65c0ec1a1be,2,1232,b94c7db3-3cda-4ae0-8359-8ebd60eb658c,on,0.02
2c79c49d-c247-42c4-9126-a65c0ec1a1be,2,1232,5c78e3bd-fa23-431c-b2d9-7d52a3be0c20,on,0.02
2c79c49d-c247-42c4-9126-a65c0ec1a1be,2,1232,89fdc2bc-146f-4b21-81d9-6983fcf1f40c,on,0.02
2c79c49d-c247-42c4-9126-a65c0ec1a1be,2,1232,371333ea-0157-4c17-9d08-58de23433cfd,off,0.02
2c79c49d-c247-42c4-9126-a65c0ec1a1be,2,1232,20323392-b186-4f46-b32f-f28b3f32c01c,off,0.02
2c79c49d-c247-42c4-9126-a65c0ec1a1be,2,1232,b8aeaff3-6f9f-458c-b2a7-d6e7e33754e8,off,0.02
2c79c49d-c247-42c4-9126-a65c0ec1a1be,2,1232,b2265192-8a74-4401-955e-629899f5292b,off,0.02
2c79c49d-c247-42c4-9126-a65c0ec1a1be,2,1232,0cc207c2-d69d-4c56-acbb-3cd9fa01321c,off,0.02
2c79c49d-c247-42c4-9126-a65c0ec1a1be,2,1232,353f9e1c-5782-407a-9950-51a94d052567,off,0.02
2c79c49d-c247-42c4-9126-a65c0ec1a1be,2,1232,436ef17d-0f24-11e2-8525-18a905767e44,off,0.02
2c79c49d-c247-42c4-9126-a65c0ec1a1be,2,1232,f5a7d914-02d4-4821-9dfd-83160eb58003,off,0.02
2c79c49d-c247-42c4-9126-a65c0ec1a1be,2,1232,9cface5b-dca2-4cfa-a990-9f6dfa150ca1,off,0.02
2c79c49d-c247-42c4-9126-a65c0ec1a1be,2,1232,0a52fe4d-eefb-42aa-9fb7-37d0d52dc557,off,0.02
2c79c49d-c247-42c4-9126-a65c0ec1a1be,2,1232,a6bd3315-d04f-461d-8969-f974197519c2,off,0.02
2c79c49d-c247-42c4-9126-a65c0ec1a1be,2,1232,1d8c643f-4534-4413-82ff-ffce5379f9f8,off,0.02
2c79c49d-c247-42c4-9126-a65c0ec1a1be,2,1232,4f130bf0-9daf-4765-98c2-fb79bd4bd76d,off,0.02
2c79c49d-c247-42c4-9126-a65c0ec1a1be,2,1316,b2265192-8a74-4401-955e-629899f5292b,on,0.04
2c79c49d-c247-42c4-9126-a65c0ec1a1be,2,1316,0cc207c2-d69d-4c56-acbb-3cd9fa01321c,on,0.04
2c79c49d-c247-42c4-9126-a65c0ec1a1be,2,1316,436ef17d-0f24-11e2-8525-18a905767e44,on,0.04
2c79c49d-c247-42c4-9126-a65c0ec1a1be,2,1316,0a52fe4d-eefb-42aa-9fb7-37d0d52dc557,on,0.04
2c79c49d-c247-42c4-9126-a65c0ec1a1be,2,1316,4f130bf0-9daf-4765-98c2-fb79bd4bd76d,on,0.04
2c79c49d-c247-42c4-9126-a65c0ec1a1be,2,1316,371333ea-0157-4c17-9d08-58de23433cfd,off,0.04
2c79c49d-c247-42c4-9126-a65c0ec1a1be,2,1316,20323392-b186-4f46-b32f-f28b3f32c01c,off,0.04
2c79c49d-c247-42c4-9126-a65c0ec1a1be,2,1316,46ebc2ab-7e0b-4c07-8b5a-9c8fa0509494,off,0.04
2c79c49d-c247-42c4-9126-a65c0ec1a1be,2,1316,b8aeaff3-6f9f-458c-b2a7-d6e7e33754e8,off,0.04
2c79c49d-c247-42c4-9126-a65c0ec1a1be,2,1316,a719751e-58f4-44e6-a8a3-b0fcfe5add7c,off,0.04
2c79c49d-c247-42c4-9126-a65c0ec1a1be,2,1316,353f9e1c-5782-407a-9950-51a94d052567,off,0.04
2c79c49d-c247-42c4-9126-a65c0ec1a1be,2,1316,b94c7db3-3cda-4ae0-8359-8ebd60eb658c,off,0.04
2c79c49d-c247-42c4-9126-a65c0ec1a1be,2,1316,5c78e3bd-fa23-431c-b2d9-7d52a3be0c20,off,0.04
2c79c49d-c247-42c4-9126-a65c0ec1a1be,2,1316,f5a7d914-02d4-4821-9dfd-83160eb58003,off,0.04
2c79c49d-c247-42c4-9126-a65c0ec1a1be,2,1316,9cface5b-dca2-4cfa-a990-9f6dfa150ca1,off,0.04
2c79c49d-c247-42c4-9126-a65c0ec1a1be,2,1316,a6bd3315-d04f-461d-8969-f974197519c2,off,0.04
2c79c49d-c247-42c4-9126-a65c0ec1a1be,2,1316,1d8c643f-4534-4413-82ff-ffce5379f9f8,off,0.04
2c79c49d-c247-42c4-9126-a65c0ec1a1be,2,1316,89fdc2bc-146f-4b21-81d9-6983fcf1f40c,off,0.04
2c79c49d-c247-42c4-9126-a65c0ec1a1be,2,1333,1e2dfac4-9f24-4d83-a6f0-ba1a75dd97dc,on,0.2
2c79c49d-c247-42c4-9126-a65c0ec1a1be,2,1333,a275b483-0533-4cf5-9417-9b6205bc21e0,on,0.2
2c79c49d-c247-42c4-9126-a65c0ec1a1be,2,1333,80d33054-c02b-42a2-bcc4-cd0dc89ce1bc,on,0.2
2c79c49d-c247-42c4-9126-a65c0ec1a1be,2,1333,3e49a197-8b0b-4360-80d3-da76ca8889b2,on,0.2
2c79c49d-c247-42c4-9126-a65c0ec1a1be,2,1333,d2347f44-035e-418e-ade7-84e9c7472c65,on,0.2
2c79c49d-c247-42c4-9126-a65c0ec1a1be,2,1333,1647e454-d549-4b8d-9e37-664b4df016dc,off,0.2
2c79c49d-c247-42c4-9126-a65c0ec1a1be,2,1333,0992487d-52ee-4ec5-ac3a-9f4d583e60ac,off,0.2
2c79c49d-c247-42c4-9126-a65c0ec1a1be,2,1333,90dea399-c04f-488a-a3b9-1fb82134120e,off,0.2
2c79c49d-c247-42c4-9126-a65c0ec1a1be,2,1333,44d57a66-a309-4b0f-9f98-c8fe1b3fa160,off,0.2
2c79c49d-c247-42c4-9126-a65c0ec1a1be,2,1333,f06b20b4-9be3-4967-bca2-6723acdbf5d4,off,0.2
2c79c49d-c247-42c4-9126-a65c0ec1a1be,2,1333,ab27d068-5ae3-4623-b8c4-d6bbb6858e57,off,0.2
2c79c49d-c247-42c4-9126-a65c0ec1a1be,2,1333,c1a4a8ba-3332-40f9-abc3-b953b3cd087f,off,0.2
2c79c49d-c247-42c4-9126-a65c0ec1a1be,2,1333,1b48264e-4f71-4aaf-a263-62ba01d12b63,off,0.2
2c79c49d-c247-42c4-9126-a65c0ec1a1be,2,1333,3791d252-2f12-4a56-a7e4-6b3d15d2ed72,off,0.2
2c79c49d-c247-42c4-9126-a65c0ec1a1be,2,1333,d85b6a42-b1d6-49e1-a53d-3e33dd19d2e1,off,0.2
2c79c49d-c247-42c4-9126-a65c0ec1a1be,2,1333,b2b1b4c3-fe22-4bf9-beb7-49c716b278de,off,0.2
2c79c49d-c247-42c4-9126-a65c0ec1a1be,2,1333,42976da2-0f24-11e2-8525-18a905767e44,off,0.2
2c79c49d-c247-42c4-9126-a65c0ec1a1be,2,1333,42ee4e8e-0f24-11e2-8525-18a905767e44,off,0.2
2c79c49d-c247-42c4-9126-a65c0ec1a1be,2,1405,46ebc2ab-7e0b-4c07-8b5a-9c8fa0509494,on,0.02
2c79c49d-c247-42c4-9126-a65c0ec1a1be,2,1405,a719751e-58f4-44e6-a8a3-b0fcfe5add7c,on,0.02
2c79c49d-c247-42c4-9126-a65c0ec1a1be,2,1405,b94c7db3-3cda-4ae0-8359-8ebd60eb658c,on,0.02
2c79c49d-c247-42c4-9126-a65c0ec1a1be,2,1405,5c78e3bd-fa23-431c-b2d9-7d52a3be0c20,on,0.02
2c79c49d-c247-42c4-9126-a65c0ec1a1be,2,1405,89fdc2bc-146f-4b21-81d9-6983fcf1f40c,on,0.02
2c79c49d-c247-42c4-9126-a65c0ec1a1be,2,1405,371333ea-0157-4c17-9d08-58de23433cfd,off,0.02
2c79c49d-c247-42c4-9126-a65c0ec1a1be,2,1405,20323392-b186-4f46-b32f-f28b3f32c01c,off,0.02
2c79c49d-c247-42c4-9126-a65c0ec1a1be,2,1405,b8aeaff3-6f9f-458c-b2a7-d6e7e33754e8,off,0.02
2c79c49d-c247-42c4-9126-a65c0ec1a1be,2,1405,b2265192-8a74-4401-955e-629899f5292b,off,0.02
2c79c49d-c247-42c4-9126-a65c0ec1a1be,2,1405,0cc207c2-d69d-4c56-acbb-3cd9fa01321c,off,0.02
2c79c49d-c247-42c4-9126-a65c0ec1a1be,2,1405,353f9e1c-5782-407a-9950-51a94d052567,off,0.02
2c79c49d-c247-42c4-9126-a65c0ec1a1be,2,1405,436ef17d-0f24-11e2-8525-18a905767e44,off,0.02
2c79c49d-c247-42c4-9126-a65c0ec1a1be,2,1405,f5a7d914-02d4-4821-9dfd-83160eb58003,off,0.02
2c79c49d-c247-42c4-9126-a65c0ec1a1be,2,1405,9cface5b-dca2-4cfa-a990-9f6dfa150ca1,off,0.02
2c79c49d-c247-42c4-9126-a65c0ec1a1be,2,1405,0a52fe4d-eefb-42aa-9fb7-37d0d52dc557,off,0.02
2c79c49d-c247-42c4-9126-a65c0ec1a1be,2,1405,a6bd3315-d04f-461d-8969-f974197519c2,off,0.02
2c79c49d-c247-42c4-9126-a65c0ec1a1be,2,1405,1d8c643f-4534-4413-82ff-ffce5379f9f8,off,0.02
2c79c49d-c247-42c4-9126-a65c0ec1a1be,2,1405,4f130bf0-9daf-4765-98c2-fb79bd4bd76d,off,0.02
2c79c49d-c247-42c4-9126-a65c0ec1a1be,2,1407,46ebc2ab-7e0b-4c07-8b5a-9c8fa0509494,on,0.2
2c79c49d-c247-42c4-9126-a65c0ec1a1be,2,1407,a719751e-58f4-44e6-a8a3-b0fcfe5add7c,on,0.2
2c79c49d-c247-42c4-9126-a65c0ec1a1be,2,1407,b94c7db3-3cda-4ae0-8359-8ebd60eb658c,on,0.2
2c79c49d-c247-42c4-9126-a65c0ec1a1be,2,1407,5c78e3bd-fa23-431c-b2d9-7d52a3be0c20,on,0.2
2c79c49d-c247-42c4-9126-a65c0ec1a1be,2,1407,89fdc2bc-146f-4b21-81d9-6983fcf1f40c,on,0.2
2c79c49d-c247-42c4-9126-a65c0ec1a1be,2,1407,371333ea-0157-4c17-9d08-58de23433cfd,off,0.2
2c79c49d-c247-42c4-9126-a65c0ec1a1be,2,1407,20323392-b186-4f46-b32f-f28b3f32c01c,off,0.2
2c79c49d-c247-42c4-9126-a65c0ec1a1be,2,1407,b8aeaff3-6f9f-458c-b2a7-d6e7e33754e8,off,0.2
2c79c49d-c247-42c4-9126-a65c0ec1a1be,2,1407,b2265192-8a74-4401-955e-629899f5292b,off,0.2
2c79c49d-c247-42c4-9126-a65c0ec1a1be,2,1407,0cc207c2-d69d-4c56-acbb-3cd9fa01321c,off,0.2
2c79c49d-c247-42c4-9126-a65c0ec1a1be,2,1407,353f9e1c-5782-407a-9950-51a94d052567,off,0.2
2c79c49d-c247-42c4-9126-a65c0ec1a1be,2,1407,436ef17d-0f24-11e2-8525-18a905767e44,off,0.2
2c79c49d-c247-42c4-9126-a65c0ec1a1be,2,1407,f5a7d914-02d4-4821-9dfd-83160eb58003,off,0.2
2c79c49d-c247-42c4-9126-a65c0ec1a1be,2,1407,9cface5b-dca2-4cfa-a990-9f6dfa150ca1,off,0.2
2c79c49d-c247-42c4-9126-a65c0ec1a1be,2,1407,0a52fe4d-eefb-42aa-9fb7-37d0d52dc557,off,0.2
2c79c49d-c247-42c4-9126-a65c0ec1a1be,2,1407,a6bd3315-d04f-461d-8969-f974197519c2,off,0.2
2c79c49d-c247-42c4-9126-a65c0ec1a1be,2,1407,1d8c643f-4534-4413-82ff-ffce5379f9f8,off,0.2
2c79c49d-c247-42c4-9126-a65c0ec1a1be,2,1407,4f130bf0-9daf-4765-98c2-fb79bd4bd76d,off,0.2
2c79c49d-c247-42c4-9126-a65c0ec1a1be,2,1409,20323392-b186-4f46-b32f-f28b3f32c01c,on,0.04
2c79c49d-c247-42c4-9126-a65c0ec1a1be,2,1409,46ebc2ab-7e0b-4c07-8b5a-9c8fa0509494,on,0.04
2c79c49d-c247-42c4-9126-a65c0ec1a1be,2,1409,a719751e-58f4-44e6-a8a3-b0fcfe5add7c,on,0.04
2c79c49d-c247-42c4-9126-a65c0ec1a1be,2,1409,353f9e1c-5782-407a-9950-51a94d052567,on,0.04
2c79c49d-c247-42c4-9126-a65c0ec1a1be,2,1409,b94c7db3-3cda-4ae0-8359-8ebd60eb658c,on,0.04
2c79c49d-c247-42c4-9126-a65c0ec1a1be,2,1409,5c78e3bd-fa23-431c-b2d9-7d52a3be0c20,on,0.04
2c79c49d-c247-42c4-9126-a65c0ec1a1be,2,1409,f5a7d914-02d4-4821-9dfd-83160eb58003,on,0.04
2c79c49d-c247-42c4-9126-a65c0ec1a1be,2,1409,9cface5b-dca2-4cfa-a990-9f6dfa150ca1,on,0.04
2c79c49d-c247-42c4-9126-a65c0ec1a1be,2,1409,a6bd3315-d04f-461d-8969-f974197519c2,on,0.04
2c79c49d-c247-42c4-9126-a65c0ec1a1be,2,1409,89fdc2bc-146f-4b21-81d9-6983fcf1f40c,on,0.04
2c79c49d-c247-42c4-9126-a65c0ec1a1be,2,1409,371333ea-0157-4c17-9d08-58de23433cfd,off,0.04
2c79c49d-c247-42c4-9126-a65c0ec1a1be,2,1409,b8aeaff3-6f9f-458c-b2a7-d6e7e33754e8,off,0.04
2c79c49d-c247-42c4-9126-a65c0ec1a1be,2,1409,b2265192-8a74-4401-955e-629899f5292b,off,0.04
2c79c49d-c247-42c4-9126-a65c0ec1a1be,2,1409,0cc207c2-d69d-4c56-acbb-3cd9fa01321c,off,0.04
2c79c49d-c247-42c4-9126-a65c0ec1a1be,2,1409,436ef17d-0f24-11e2-8525-18a905767e44,off,0.04
2c79c49d-c247-42c4-9126-a65c0ec1a1be,2,1409,0a52fe4d-eefb-42aa-9fb7-37d0d52dc557,off,0.04
2c79c49d-c247-42c4-9126-a65c0ec1a1be,2,1409,1d8c643f-4534-4413-82ff-ffce5379f9f8,off,0.04
2c79c49d-c247-42c4-9126-a65c0ec1a1be,2,1409,4f130bf0-9daf-4765-98c2-fb79bd4bd76d,off,0.04
2c79c49d-c247-42c4-9126-a65c0ec1a1be,2,1508,a275b483-0533-4cf5-9417-9b6205bc21e0,on,0.04
2c79c49d-c247-42c4-9126-a65c0ec1a1be,2,1508,1b48264e-4f71-4aaf-a263-62ba01d12b63,on,0.04
2c79c49d-c247-42c4-9126-a65c0ec1a1be,2,1508,3e49a197-8b0b-4360-80d3-da76ca8889b2,on,0.04
2c79c49d-c247-42c4-9126-a65c0ec1a1be,2,1508,42976da2-0f24-11e2-8525-18a905767e44,on,0.04
2c79c49d-c247-42c4-9126-a65c0ec1a1be,2,1508,42ee4e8e-0f24-11e2-8525-18a905767e44,on,0.04
2c79c49d-c247-42c4-9126-a65c0ec1a1be,2,1508,1e2dfac4-9f24-4d83-a6f0-ba1a75dd97dc,off,0.04
2c79c49d-c247-42c4-9126-a65c0ec1a1be,2,1508,1647e454-d549-4b8d-9e37-664b4df016dc,off,0.04
2c79c49d-c247-42c4-9126-a65c0ec1a1be,2,1508,0992487d-52ee-4ec5-ac3a-9f4d583e60ac,off,0.04
2c79c49d-c247-42c4-9126-a65c0ec1a1be,2,1508,90dea399-c04f-488a-a3b9-1fb82134120e,off,0.04
2c79c49d-c247-42c4-9126-a65c0ec1a1be,2,1508,44d57a66-a309-4b0f-9f98-c8fe1b3fa160,off,0.04
2c79c49d-c247-42c4-9126-a65c0ec1a1be,2,1508,f06b20b4-9be3-4967-bca2-6723acdbf5d4,off,0.04
2c79c49d-c247-42c4-9126-a65c0ec1a1be,2,1508,ab27d068-5ae3-4623-b8c4-d6bbb6858e57,off,0.04
2c79c49d-c247-42c4-9126-a65c0ec1a1be,2,1508,c1a4a8ba-3332-40f9-abc3-b953b3cd087f,off,0.04
2c79c49d-c247-42c4-9126-a65c0ec1a1be,2,1508,80d33054-c02b-42a2-bcc4-cd0dc89ce1bc,off,0.04
2c79c49d-c247-42c4-9126-a65c0ec1a1be,2,1508,3791d252-2f12-4a56-a7e4-6b3d15d2ed72,off,0.04
2c79c49d-c247-42c4-9126-a65c0ec1a1be,2,1508,d85b6a42-b1d6-49e1-a53d-3e33dd19d2e1,off,0.04
2c79c49d-c247-42c4-9126-a65c0ec1a1be,2,1508,b2b1b4c3-fe22-4bf9-beb7-49c716b278de,off,0.04
2c79c49d-c247-42c4-9126-a65c0ec1a1be,2,1508,d2347f44-035e-418e-ade7-84e9c7472c65,off,0.04
2c79c49d-c247-42c4-9126-a65c0ec1a1be,2,1568,0992487d-52ee-4ec5-ac3a-9f4d583e60ac,on,0.02
2c79c49d-c247-42c4-9126-a65c0ec1a1be,2,1568,3791d252-2f12-4a56-a7e4-6b3d15d2ed72,on,0.02
2c79c49d-c247-42c4-9126-a65c0ec1a1be,2,1568,3e49a197-8b0b-4360-80d3-da76ca8889b2,on,0.02
2c79c49d-c247-42c4-9126-a65c0ec1a1be,2,1568,42976da2-0f24-11e2-8525-18a905767e44,on,0.02
2c79c49d-c247-42c4-9126-a65c0ec1a1be,2,1568,42ee4e8e-0f24-11e2-8525-18a905767e44,on,0.02
2c79c49d-c247-42c4-9126-a65c0ec1a1be,2,1568,1e2dfac4-9f24-4d83-a6f0-ba1a75dd97dc,off,0.02
2c79c49d-c247-42c4-9126-a65c0ec1a1be,2,1568,1647e454-d549-4b8d-9e37-664b4df016dc,off,0.02
2c79c49d-c247-42c4-9126-a65c0ec1a1be,2,1568,90dea399-c04f-488a-a3b9-1fb82134120e,off,0.02
2c79c49d-c247-42c4-9126-a65c0ec1a1be,2,1568,44d57a66-a309-4b0f-9f98-c8fe1b3fa160,off,0.02
2c79c49d-c247-42c4-9126-a65c0ec1a1be,2,1568,a275b483-0533-4cf5-9417-9b6205bc21e0,off,0.02
2c79c49d-c247-42c4-9126-a65c0ec1a1be,2,1568,f06b20b4-9be3-4967-bca2-6723acdbf5d4,off,0.02
2c79c49d-c247-42c4-9126-a65c0ec1a1be,2,1568,ab27d068-5ae3-4623-b8c4-d6bbb6858e57,off,0.02
2c79c49d-c247-42c4-9126-a65c0ec1a1be,2,1568,c1a4a8ba-3332-40f9-abc3-b953b3cd087f,off,0.02
2c79c49d-c247-42c4-9126-a65c0ec1a1be,2,1568,80d33054-c02b-42a2-bcc4-cd0dc89ce1bc,off,0.02
2c79c49d-c247-42c4-9126-a65c0ec1a1be,2,1568,1b48264e-4f71-4aaf-a263-62ba01d12b63,off,0.02
2c79c49d-c247-42c4-9126-a65c0ec1a1be,2,1568,d85b6a42-b1d6-49e1-a53d-3e33dd19d2e1,off,0.02
2c79c49d-c247-42c4-9126-a65c0ec1a1be,2,1568,b2b1b4c3-fe22-4bf9-beb7-49c716b278de,off,0.02
2c79c49d-c247-42c4-9126-a65c0ec1a1be,2,1568,d2347f44-035e-418e-ade7-84e9c7472c65,off,0.02
2c79c49d-c247-42c4-9126-a65c0ec1a1be,2,1632,1647e454-d549-4b8d-9e37-664b4df016dc,on,0.04
2c79c49d-c247-42c4-9126-a65c0ec1a1be,2,1632,44d57a66-a309-4b0f-9f98-c8fe1b3fa160,on,0.04
2c79c49d-c247-42c4-9126-a65c0ec1a1be,2,1632,80d33054-c02b-42a2-bcc4-cd0dc89ce1bc,on,0.04
2c79c49d-c247-42c4-9126-a65c0ec1a1be,2,1632,b2b1b4c3-fe22-4bf9-beb7-49c716b278de,on,0.04
2c79c49d-c247-42c4-9126-a65c0ec1a1be,2,1632,1e2dfac4-9f24-4d83-a6f0-ba1a75dd97dc,off,0.04
2c79c49d-c247-42c4-9126-a65c0ec1a1be,2,1632,0992487d-52ee-4ec5-ac3a-9f4d583e60ac,off,0.04
2c79c49d-c247-42c4-9126-a65c0ec1a1be,2,1632,90dea399-c04f-488a-a3b9-1fb82134120e,off,0.04
2c79c49d-c247-42c4-9126-a65c0ec1a1be,2,1632,a275b483-0533-4cf5-9417-9b6205bc21e0,off,0.04
2c79c49d-c247-42c4-9126-a65c0ec1a1be,2,1632,f06b20b4-9be3-4967-bca2-6723acdbf5d4,off,0.04
2c79c49d-c247-42c4-9126-a65c0ec1a1be,2,1632,ab27d068-5ae3-4623-b8c4-d6bbb6858e57,off,0.04
2c79c49d-c247-42c4-9126-a65c0ec1a1be,2,1632,c1a4a8ba-3332-40f9-abc3-b953b3cd087f,off,0.04
2c79c49d-c247-42c4-9126-a65c0ec1a1be,2,1632,1b48264e-4f71-4aaf-a263-62ba01d12b63,off,0.04
2c79c49d-c247-42c4-9126-a65c0ec1a1be,2,1632,3791d252-2f12-4a56-a7e4-6b3d15d2ed72,off,0.04
2c79c49d-c247-42c4-9126-a65c0ec1a1be,2,1632,d85b6a42-b1d6-49e1-a53d-3e33dd19d2e1,off,0.04
2c79c49d-c247-42c4-9126-a65c0ec1a1be,2,1632,3e49a197-8b0b-4360-80d3-da76ca8889b2,off,0.04
2c79c49d-c247-42c4-9126-a65c0ec1a1be,2,1632,42976da2-0f24-11e2-8525-18a905767e44,off,0.04
2c79c49d-c247-42c4-9126-a65c0ec1a1be,2,1632,d2347f44-035e-418e-ade7-84e9c7472c65,off,0.04
2c79c49d-c247-42c4-9126-a65c0ec1a1be,2,1632,42ee4e8e-0f24-11e2-8525-18a905767e44,off,0.04
2c79c49d-c247-42c4-9126-a65c0ec1a1be,2,1669,1e2dfac4-9f24-4d83-a6f0-ba1a75dd97dc,on,0.04
2c79c49d-c247-42c4-9126-a65c0ec1a1be,2,1669,ab27d068-5ae3-4623-b8c4-d6bbb6858e57,on,0.04
2c79c49d-c247-42c4-9126-a65c0ec1a1be,2,1669,c1a4a8ba-3332-40f9-abc3-b953b3cd087f,on,0.04
2c79c49d-c247-42c4-9126-a65c0ec1a1be,2,1669,42976da2-0f24-11e2-8525-18a905767e44,on,0.04
2c79c49d-c247-42c4-9126-a65c0ec1a1be,2,1669,1647e454-d549-4b8d-9e37-664b4df016dc,off,0.04
2c79c49d-c247-42c4-9126-a65c0ec1a1be,2,1669,0992487d-52ee-4ec5-ac3a-9f4d583e60ac,off,0.04
2c79c49d-c247-42c4-9126-a65c0ec1a1be,2,1669,90dea399-c04f-488a-a3b9-1fb82134120e,off,0.04
2c79c49d-c247-42c4-9126-a65c0ec1a1be,2,1669,44d57a66-a309-4b0f-9f98-c8fe1b3fa160,off,0.04
2c79c49d-c247-42c4-9126-a65c0ec1a1be,2,1669,a275b483-0533-4cf5-9417-9b6205bc21e0,off,0.04
2c79c49d-c247-42c4-9126-a65c0ec1a1be,2,1669,f06b20b4-9be3-4967-bca2-6723acdbf5d4,off,0.04
2c79c49d-c247-42c4-9126-a65c0ec1a1be,2,1669,80d33054-c02b-42a2-bcc4-cd0dc89ce1bc,off,0.04
2c79c49d-c247-42c4-9126-a65c0ec1a1be,2,1669,1b48264e-4f71-4aaf-a263-62ba01d12b63,off,0.04
2c79c49d-c247-42c4-9126-a65c0ec1a1be,2,1669,3791d252-2f12-4a56-a7e4-6b3d15d2ed72,off,0.04
2c79c49d-c247-42c4-9126-a65c0ec1a1be,2,1669,d85b6a42-b1d6-49e1-a53d-3e33dd19d2e1,off,0.04
2c79c49d-c247-42c4-9126-a65c0ec1a1be,2,1669,3e49a197-8b0b-4360-80d3-da76ca8889b2,off,0.04
2c79c49d-c247-42c4-9126-a65c0ec1a1be,2,1669,b2b1b4c3-fe22-4bf9-beb7-49c716b278de,off,0.04
2c79c49d-c247-42c4-9126-a65c0ec1a1be,2,1669,d2347f44-035e-418e-ade7-84e9c7472c65,off,0.04
2c79c49d-c247-42c4-9126-a65c0ec1a1be,2,1669,42ee4e8e-0f24-11e2-8525-18a905767e44,off,0.04
2c79c49d-c247-42c4-9126-a65c0ec1a1be,2,1691,1e2dfac4-9f24-4d83-a6f0-ba1a75dd97dc,on,0.12
2c79c49d-c247-42c4-9126-a65c0ec1a1be,2,1691,ab27d068-5ae3-4623-b8c4-d6bbb6858e57,on,0.12
2c79c49d-c247-42c4-9126-a65c0ec1a1be,2,1691,c1a4a8ba-3332-40f9-abc3-b953b3cd087f,on,0.12
2c79c49d-c247-42c4-9126-a65c0ec1a1be,2,1691,42976da2-0f24-11e2-8525-18a905767e44,on,0.12
2c79c49d-c247-42c4-9126-a65c0ec1a1be,2,1691,1647e454-d549-4b8d-9e37-664b4df016dc,off,0.12
2c79c49d-c247-42c4-9126-a65c0ec1a1be,2,1691,0992487d-52ee-4ec5-ac3a-9f4d583e60ac,off,0.12
2c79c49d-c247-42c4-9126-a65c0ec1a1be,2,1691,90dea399-c04f-488a-a3b9-1fb82134120e,off,0.12
2c79c49d-c247-42c4-9126-a65c0ec1a1be,2,1691,44d57a66-a309-4b0f-9f98-c8fe1b3fa160,off,0.12
2c79c49d-c247-42c4-9126-a65c0ec1a1be,2,1691,a275b483-0533-4cf5-9417-9b6205bc21e0,off,0.12
2c79c49d-c247-42c4-9126-a65c0ec1a1be,2,1691,f06b20b4-9be3-4967-bca2-6723acdbf5d4,off,0.12
2c79c49d-c247-42c4-9126-a65c0ec1a1be,2,1691,80d33054-c02b-42a2-bcc4-cd0dc89ce1bc,off,0.12
2c79c49d-c247-42c4-9126-a65c0ec1a1be,2,1691,1b48264e-4f71-4aaf-a263-62ba01d12b63,off,0.12
2c79c49d-c247-42c4-9126-a65c0ec1a1be,2,1691,3791d252-2f12-4a56-a7e4-6b3d15d2ed72,off,0.12
2c79c49d-c247-42c4-9126-a65c0ec1a1be,2,1691,d85b6a42-b1d6-49e1-a53d-3e33dd19d2e1,off,0.12
2c79c49d-c247-42c4-9126-a65c0ec1a1be,2,1691,3e49a197-8b0b-4360-80d3-da76ca8889b2,off,0.12
2c79c49d-c247-42c4-9126-a65c0ec1a1be,2,1691,b2b1b4c3-fe22-4bf9-beb7-49c716b278de,off,0.12
2c79c49d-c247-42c4-9126-a65c0ec1a1be,2,1691,d2347f44-035e-418e-ade7-84e9c7472c65,off,0.12
2c79c49d-c247-42c4-9126-a65c0ec1a1be,2,1691,42ee4e8e-0f24-11e2-8525-18a905767e44,off,0.12
2c79c49d-c247-42c4-9126-a65c0ec1a1be,2,1698,1e2dfac4-9f24-4d83-a6f0-ba1a75dd97dc,on,0.08
2c79c49d-c247-42c4-9126-a65c0ec1a1be,2,1698,0992487d-52ee-4ec5-ac3a-9f4d583e60ac,on,0.08
2c79c49d-c247-42c4-9126-a65c0ec1a1be,2,1698,ab27d068-5ae3-4623-b8c4-d6bbb6858e57,on,0.08
2c79c49d-c247-42c4-9126-a65c0ec1a1be,2,1698,c1a4a8ba-3332-40f9-abc3-b953b3cd087f,on,0.08
2c79c49d-c247-42c4-9126-a65c0ec1a1be,2,1698,42976da2-0f24-11e2-8525-18a905767e44,on,0.08
2c79c49d-c247-42c4-9126-a65c0ec1a1be,2,1698,1647e454-d549-4b8d-9e37-664b4df016dc,off,0.08
2c79c49d-c247-42c4-9126-a65c0ec1a1be,2,1698,90dea399-c04f-488a-a3b9-1fb82134120e,off,0.08
2c79c49d-c247-42c4-9126-a65c0ec1a1be,2,1698,44d57a66-a309-4b0f-9f98-c8fe1b3fa160,off,0.08
2c79c49d-c247-42c4-9126-a65c0ec1a1be,2,1698,a275b483-0533-4cf5-9417-9b6205bc21e0,off,0.08
2c79c49d-c247-42c4-9126-a65c0ec1a1be,2,1698,f06b20b4-9be3-4967-bca2-6723acdbf5d4,off,0.08
2c79c49d-c247-42c4-9126-a65c0ec1a1be,2,1698,80d33054-c02b-42a2-bcc4-cd0dc89ce1bc,off,0.08
2c79c49d-c247-42c4-9126-a65c0ec1a1be,2,1698,1b48264e-4f71-4aaf-a263-62ba01d12b63,off,0.08
2c79c49d-c247-42c4-9126-a65c0ec1a1be,2,1698,3791d252-2f12-4a56-a7e4-6b3d15d2ed72,off,0.08
2c79c49d-c247-42c4-9126-a65c0ec1a1be,2,1698,d85b6a42-b1d6-49e1-a53d-3e33dd19d2e1,off,0.08
2c79c49d-c247-42c4-9126-a65c0ec1a1be,2,1698,3e49a197-8b0b-4360-80d3-da76ca8889b2,off,0.08
2c79c49d-c247-42c4-9126-a65c0ec1a1be,2,1698,b2b1b4c3-fe22-4bf9-beb7-49c716b278de,off,0.08
2c79c49d-c247-42c4-9126-a65c0ec1a1be,2,1698,d2347f44-035e-418e-ade7-84e9c7472c65,off,0.08
2c79c49d-c247-42c4-9126-a65c0ec1a1be,2,1698,42ee4e8e-0f24-11e2-8525-18a905767e44,off,0.08
2c79c49d-c247-42c4-9126-a65c0ec1a1be,2,1702,0992487d-52ee-4ec5-ac3a-9f4d583e60ac,on,0.04
2c79c49d-c247-42c4-9126-a65c0ec1a1be,2,1702,90dea399-c04f-488a-a3b9-1fb82134120e,on,0.04
2c79c49d-c247-42c4-9126-a65c0ec1a1be,2,1702,3791d252-2f12-4a56-a7e4-6b3d15d2ed72,on,0.04
2c79c49d-c247-42c4-9126-a65c0ec1a1be,2,1702,b2b1b4c3-fe22-4bf9-beb7-49c716b278de,on,0.04
2c79c49d-c247-42c4-9126-a65c0ec1a1be,2,1702,42ee4e8e-0f24-11e2-8525-18a905767e44,on,0.04
2c79c49d-c247-42c4-9126-a65c0ec1a1be,2,1702,1e2dfac4-9f24-4d83-a6f0-ba1a75dd97dc,off,0.04
2c79c49d-c247-42c4-9126-a65c0ec1a1be,2,1702,1647e454-d549-4b8d-9e37-664b4df016dc,off,0.04
2c79c49d-c247-42c4-9126-a65c0ec1a1be,2,1702,44d57a66-a309-4b0f-9f98-c8fe1b3fa160,off,0.04
2c79c49d-c247-42c4-9126-a65c0ec1a1be,2,1702,a275b483-0533-4cf5-9417-9b6205bc21e0,off,0.04
2c79c49d-c247-42c4-9126-a65c0ec1a1be,2,1702,f06b20b4-9be3-4967-bca2-6723acdbf5d4,off,0.04
2c79c49d-c247-42c4-9126-a65c0ec1a1be,2,1702,ab27d068-5ae3-4623-b8c4-d6bbb6858e57,off,0.04
2c79c49d-c247-42c4-9126-a65c0ec1a1be,2,1702,c1a4a8ba-3332-40f9-abc3-b953b3cd087f,off,0.04
2c79c49d-c247-42c4-9126-a65c0ec1a1be,2,1702,80d33054-c02b-42a2-bcc4-cd0dc89ce1bc,off,0.04
2c79c49d-c247-42c4-9126-a65c0ec1a1be,2,1702,1b48264e-4f71-4aaf-a263-62ba01d12b63,off,0.04
2c79c49d-c247-42c4-9126-a65c0ec1a1be,2,1702,d85b6a42-b1d6-49e1-a53d-3e33dd19d2e1,off,0.04
2c79c49d-c247-42c4-9126-a65c0ec1a1be,2,1702,3e49a197-8b0b-4360-80d3-da76ca8889b2,off,0.04
2c79c49d-c247-42c4-9126-a65c0ec1a1be,2,1702,42976da2-0f24-11e2-8525-18a905767e44,off,0.04
2c79c49d-c247-42c4-9126-a65c0ec1a1be,2,1702,d2347f44-035e-418e-ade7-84e9c7472c65,off,0.04
2c79c49d-c247-42c4-9126-a65c0ec1a1be,2,1778,46ebc2ab-7e0b-4c07-8b5a-9c8fa0509494,on,0.02
2c79c49d-c247-42c4-9126-a65c0ec1a1be,2,1778,a719751e-58f4-44e6-a8a3-b0fcfe5add7c,on,0.02
2c79c49d-c247-42c4-9126-a65c0ec1a1be,2,1778,0cc207c2-d69d-4c56-acbb-3cd9fa01321c,on,0.02
2c79c49d-c247-42c4-9126-a65c0ec1a1be,2,1778,b94c7db3-3cda-4ae0-8359-8ebd60eb658c,on,0.02
2c79c49d-c247-42c4-9126-a65c0ec1a1be,2,1778,89fdc2bc-146f-4b21-81d9-6983fcf1f40c,on,0.02
2c79c49d-c247-42c4-9126-a65c0ec1a1be,2,1778,371333ea-0157-4c17-9d08-58de23433cfd,off,0.02
2c79c49d-c247-42c4-9126-a65c0ec1a1be,2,1778,20323392-b186-4f46-b32f-f28b3f32c01c,off,0.02
2c79c49d-c247-42c4-9126-a65c0ec1a1be,2,1778,b8aeaff3-6f9f-458c-b2a7-d6e7e33754e8,off,0.02
2c79c49d-c247-42c4-9126-a65c0ec1a1be,2,1778,b2265192-8a74-4401-955e-629899f5292b,off,0.02
2c79c49d-c247-42c4-9126-a65c0ec1a1be,2,1778,353f9e1c-5782-407a-9950-51a94d052567,off,0.02
2c79c49d-c247-42c4-9126-a65c0ec1a1be,2,1778,436ef17d-0f24-11e2-8525-18a905767e44,off,0.02
2c79c49d-c247-42c4-9126-a65c0ec1a1be,2,1778,5c78e3bd-fa23-431c-b2d9-7d52a3be0c20,off,0.02
2c79c49d-c247-42c4-9126-a65c0ec1a1be,2,1778,f5a7d914-02d4-4821-9dfd-83160eb58003,off,0.02
2c79c49d-c247-42c4-9126-a65c0ec1a1be,2,1778,9cface5b-dca2-4cfa-a990-9f6dfa150ca1,off,0.02
2c79c49d-c247-42c4-9126-a65c0ec1a1be,2,1778,0a52fe4d-eefb-42aa-9fb7-37d0d52dc557,off,0.02
2c79c49d-c247-42c4-9126-a65c0ec1a1be,2,1778,a6bd3315-d04f-461d-8969-f974197519c2,off,0.02
2c79c49d-c247-42c4-9126-a65c0ec1a1be,2,1778,1d8c643f-4534-4413-82ff-ffce5379f9f8,off,0.02
2c79c49d-c247-42c4-9126-a65c0ec1a1be,2,1778,4f130bf0-9daf-4765-98c2-fb79bd4bd76d,off,0.02
2c79c49d-c247-42c4-9126-a65c0ec1a1be,2,1781,ab27d068-5ae3-4623-b8c4-d6bbb6858e57,on,0.02
2c79c49d-c247-42c4-9126-a65c0ec1a1be,2,1781,80d33054-c02b-42a2-bcc4-cd0dc89ce1bc,on,0.02
2c79c49d-c247-42c4-9126-a65c0ec1a1be,2,1781,1b48264e-4f71-4aaf-a263-62ba01d12b63,on,0.02
2c79c49d-c247-42c4-9126-a65c0ec1a1be,2,1781,d85b6a42-b1d6-49e1-a53d-3e33dd19d2e1,on,0.02
2c79c49d-c247-42c4-9126-a65c0ec1a1be,2,1781,d2347f44-035e-418e-ade7-84e9c7472c65,on,0.02
2c79c49d-c247-42c4-9126-a65c0ec1a1be,2,1781,1e2dfac4-9f24-4d83-a6f0-ba1a75dd97dc,off,0.02
2c79c49d-c247-42c4-9126-a65c0ec1a1be,2,1781,1647e454-d549-4b8d-9e37-664b4df016dc,off,0.02
2c79c49d-c247-42c4-9126-a65c0ec1a1be,2,1781,0992487d-52ee-4ec5-ac3a-9f4d583e60ac,off,0.02
2c79c49d-c247-42c4-9126-a65c0ec1a1be,2,1781,90dea399-c04f-488a-a3b9-1fb82134120e,off,0.02
2c79c49d-c247-42c4-9126-a65c0ec1a1be,2,1781,44d57a66-a309-4b0f-9f98-c8fe1b3fa160,off,0.02
2c79c49d-c247-42c4-9126-a65c0ec1a1be,2,1781,a275b483-0533-4cf5-9417-9b6205bc21e0,off,0.02
2c79c49d-c247-42c4-9126-a65c0ec1a1be,2,1781,f06b20b4-9be3-4967-bca2-6723acdbf5d4,off,0.02
2c79c49d-c247-42c4-9126-a65c0ec1a1be,2,1781,c1a4a8ba-3332-40f9-abc3-b953b3cd087f,off,0.02
2c79c49d-c247-42c4-9126-a65c0ec1a1be,2,1781,3791d252-2f12-4a56-a7e4-6b3d15d2ed72,off,0.02
2c79c49d-c247-42c4-9126-a65c0ec1a1be,2,1781,3e49a197-8b0b-4360-80d3-da76ca8889b2,off,0.02
2c79c49d-c247-42c4-9126-a65c0ec1a1be,2,1781,b2b1b4c3-fe22-4bf9-beb7-49c716b278de,off,0.02
2c79c49d-c247-42c4-9126-a65c0ec1a1be,2,1781,42976da2-0f24-11e2-8525-18a905767e44,off,0.02
2c79c49d-c247-42c4-9126-a65c0ec1a1be,2,1781,42ee4e8e-0f24-11e2-8525-18a905767e44,off,0.02
2c79c49d-c247-42c4-9126-a65c0ec1a1be,2,1815,371333ea-0157-4c17-9d08-58de23433cfd,on,0.08
2c79c49d-c247-42c4-9126-a65c0ec1a1be,2,1815,b8aeaff3-6f9f-458c-b2a7-d6e7e33754e8,on,0.08
2c79c49d-c247-42c4-9126-a65c0ec1a1be,2,1815,b2265192-8a74-4401-955e-629899f5292b,on,0.08
2c79c49d-c247-42c4-9126-a65c0ec1a1be,2,1815,1d8c643f-4534-4413-82ff-ffce5379f9f8,on,0.08
2c79c49d-c247-42c4-9126-a65c0ec1a1be,2,1815,4f130bf0-9daf-4765-98c2-fb79bd4bd76d,on,0.08
2c79c49d-c247-42c4-9126-a65c0ec1a1be,2,1815,20323392-b186-4f46-b32f-f28b3f32c01c,off,0.08
2c79c49d-c247-42c4-9126-a65c0ec1a1be,2,1815,46ebc2ab-7e0b-4c07-8b5a-9c8fa0509494,off,0.08
2c79c49d-c247-42c4-9126-a65c0ec1a1be,2,1815,a719751e-58f4-44e6-a8a3-b0fcfe5add7c,off,0.08
2c79c49d-c247-42c4-9126-a65c0ec1a1be,2,1815,0cc207c2-d69d-4c56-acbb-3cd9fa01321c,off,0.08
2c79c49d-c247-42c4-9126-a65c0ec1a1be,2,1815,353f9e1c-5782-407a-9950-51a94d052567,off,0.08
2c79c49d-c247-42c4-9126-a65c0ec1a1be,2,1815,b94c7db3-3cda-4ae0-8359-8ebd60eb658c,off,0.08
2c79c49d-c247-42c4-9126-a65c0ec1a1be,2,1815,436ef17d-0f24-11e2-8525-18a905767e44,off,0.08
2c79c49d-c247-42c4-9126-a65c0ec1a1be,2,1815,5c78e3bd-fa23-431c-b2d9-7d52a3be0c20,off,0.08
2c79c49d-c247-42c4-9126-a65c0ec1a1be,2,1815,f5a7d914-02d4-4821-9dfd-83160eb58003,off,0.08
2c79c49d-c247-42c4-9126-a65c0ec1a1be,2,1815,9cface5b-dca2-4cfa-a990-9f6dfa150ca1,off,0.08
2c79c49d-c247-42c4-9126-a65c0ec1a1be,2,1815,0a52fe4d-eefb-42aa-9fb7-37d0d52dc557,off,0.08
2c79c49d-c247-42c4-9126-a65c0ec1a1be,2,1815,a6bd3315-d04f-461d-8969-f974197519c2,off,0.08
2c79c49d-c247-42c4-9126-a65c0ec1a1be,2,1815,89fdc2bc-146f-4b21-81d9-6983fcf1f40c,off,0.08
2c79c49d-c247-42c4-9126-a65c0ec1a1be,2,1892,1e2dfac4-9f24-4d83-a6f0-ba1a75dd97dc,on,0.02
2c79c49d-c247-42c4-9126-a65c0ec1a1be,2,1892,a275b483-0533-4cf5-9417-9b6205bc21e0,on,0.02
2c79c49d-c247-42c4-9126-a65c0ec1a1be,2,1892,3e49a197-8b0b-4360-80d3-da76ca8889b2,on,0.02
2c79c49d-c247-42c4-9126-a65c0ec1a1be,2,1892,42976da2-0f24-11e2-8525-18a905767e44,on,0.02
2c79c49d-c247-42c4-9126-a65c0ec1a1be,2,1892,42ee4e8e-0f24-11e2-8525-18a905767e44,on,0.02
2c79c49d-c247-42c4-9126-a65c0ec1a1be,2,1892,1647e454-d549-4b8d-9e37-664b4df016dc,off,0.02
2c79c49d-c247-42c4-9126-a65c0ec1a1be,2,1892,0992487d-52ee-4ec5-ac3a-9f4d583e60ac,off,0.02
2c79c49d-c247-42c4-9126-a65c0ec1a1be,2,1892,90dea399-c04f-488a-a3b9-1fb82134120e,off,0.02
2c79c49d-c247-42c4-9126-a65c0ec1a1be,2,1892,44d57a66-a309-4b0f-9f98-c8fe1b3fa160,off,0.02
2c79c49d-c247-42c4-9126-a65c0ec1a1be,2,1892,f06b20b4-9be3-4967-bca2-6723acdbf5d4,off,0.02
2c79c49d-c247-42c4-9126-a65c0ec1a1be,2,1892,ab27d068-5ae3-4623-b8c4-d6bbb6858e57,off,0.02
2c79c49d-c247-42c4-9126-a65c0ec1a1be,2,1892,c1a4a8ba-3332-40f9-abc3-b953b3cd087f,off,0.02
2c79c49d-c247-42c4-9126-a65c0ec1a1be,2,1892,80d33054-c02b-42a2-bcc4-cd0dc89ce1bc,off,0.02
2c79c49d-c247-42c4-9126-a65c0ec1a1be,2,1892,1b48264e-4f71-4aaf-a263-62ba01d12b63,off,0.02
2c79c49d-c247-42c4-9126-a65c0ec1a1be,2,1892,3791d252-2f12-4a56-a7e4-6b3d15d2ed72,off,0.02
2c79c49d-c247-42c4-9126-a65c0ec1a1be,2,1892,d85b6a42-b1d6-49e1-a53d-3e33dd19d2e1,off,0.02
2c79c49d-c247-42c4-9126-a65c0ec1a1be,2,1892,b2b1b4c3-fe22-4bf9-beb7-49c716b278de,off,0.02
2c79c49d-c247-42c4-9126-a65c0ec1a1be,2,1892,d2347f44-035e-418e-ade7-84e9c7472c65,off,0.02
2c79c49d-c247-42c4-9126-a65c0ec1a1be,2,2066,20323392-b186-4f46-b32f-f28b3f32c01c,on,0.02
2c79c49d-c247-42c4-9126-a65c0ec1a1be,2,2066,0cc207c2-d69d-4c56-acbb-3cd9fa01321c,on,0.02
2c79c49d-c247-42c4-9126-a65c0ec1a1be,2,2066,353f9e1c-5782-407a-9950-51a94d052567,on,0.02
2c79c49d-c247-42c4-9126-a65c0ec1a1be,2,2066,436ef17d-0f24-11e2-8525-18a905767e44,on,0.02
2c79c49d-c247-42c4-9126-a65c0ec1a1be,2,2066,f5a7d914-02d4-4821-9dfd-83160eb58003,on,0.02
2c79c49d-c247-42c4-9126-a65c0ec1a1be,2,2066,371333ea-0157-4c17-9d08-58de23433cfd,off,0.02
2c79c49d-c247-42c4-9126-a65c0ec1a1be,2,2066,46ebc2ab-7e0b-4c07-8b5a-9c8fa0509494,off,0.02
2c79c49d-c247-42c4-9126-a65c0ec1a1be,2,2066,b8aeaff3-6f9f-458c-b2a7-d6e7e33754e8,off,0.02
2c79c49d-c247-42c4-9126-a65c0ec1a1be,2,2066,a719751e-58f4-44e6-a8a3-b0fcfe5add7c,off,0.02
2c79c49d-c247-42c4-9126-a65c0ec1a1be,2,2066,b2265192-8a74-4401-955e-629899f5292b,off,0.02
2c79c49d-c247-42c4-9126-a65c0ec1a1be,2,2066,b94c7db3-3cda-4ae0-8359-8ebd60eb658c,off,0.02
2c79c49d-c247-42c4-9126-a65c0ec1a1be,2,2066,5c78e3bd-fa23-431c-b2d9-7d52a3be0c20,off,0.02
2c79c49d-c247-42c4-9126-a65c0ec1a1be,2,2066,9cface5b-dca2-4cfa-a990-9f6dfa150ca1,off,0.02
2c79c49d-c247-42c4-9126-a65c0ec1a1be,2,2066,0a52fe4d-eefb-42aa-9fb7-37d0d52dc557,off,0.02
2c79c49d-c247-42c4-9126-a65c0ec1a1be,2,2066,a6bd3315-d04f-461d-8969-f974197519c2,off,0.02
2c79c49d-c247-42c4-9126-a65c0ec1a1be,2,2066,1d8c643f-4534-4413-82ff-ffce5379f9f8,off,0.02
2c79c49d-c247-42c4-9126-a65c0ec1a1be,2,2066,89fdc2bc-146f-4b21-81d9-6983fcf1f40c,off,0.02
2c79c49d-c247-42c4-9126-a65c0ec1a1be,2,2066,4f130bf0-9daf-4765-98c2-fb79bd4bd76d,off,0.02
2c79c49d-c247-42c4-9126-a65c0ec1a1be,2,2164,0992487d-52ee-4ec5-ac3a-9f4d583e60ac,on,0.02
2c79c49d-c247-42c4-9126-a65c0ec1a1be,2,2164,ab27d068-5ae3-4623-b8c4-d6bbb6858e57,on,0.02
2c79c49d-c247-42c4-9126-a65c0ec1a1be,2,2164,b2b1b4c3-fe22-4bf9-beb7-49c716b278de,on,0.02
2c79c49d-c247-42c4-9126-a65c0ec1a1be,2,2164,42ee4e8e-0f24-11e2-8525-18a905767e44,on,0.02
2c79c49d-c247-42c4-9126-a65c0ec1a1be,2,2164,1e2dfac4-9f24-4d83-a6f0-ba1a75dd97dc,off,0.02
2c79c49d-c247-42c4-9126-a65c0ec1a1be,2,2164,1647e454-d549-4b8d-9e37-664b4df016dc,off,0.02
2c79c49d-c247-42c4-9126-a65c0ec1a1be,2,2164,90dea399-c04f-488a-a3b9-1fb82134120e,off,0.02
2c79c49d-c247-42c4-9126-a65c0ec1a1be,2,2164,44d57a66-a309-4b0f-9f98-c8fe1b3fa160,off,0.02
2c79c49d-c247-42c4-9126-a65c0ec1a1be,2,2164,a275b483-0533-4cf5-9417-9b6205bc21e0,off,0.02
2c79c49d-c247-42c4-9126-a65c0ec1a1be,2,2164,f06b20b4-9be3-4967-bca2-6723acdbf5d4,off,0.02
2c79c49d-c247-42c4-9126-a65c0ec1a1be,2,2164,c1a4a8ba-3332-40f9-abc3-b953b3cd087f,off,0.02
2c79c49d-c247-42c4-9126-a65c0ec1a1be,2,2164,80d33054-c02b-42a2-bcc4-cd0dc89ce1bc,off,0.02
2c79c49d-c247-42c4-9126-a65c0ec1a1be,2,2164,1b48264e-4f71-4aaf-a263-62ba01d12b63,off,0.02
2c79c49d-c247-42c4-9126-a65c0ec1a1be,2,2164,3791d252-2f12-4a56-a7e4-6b3d15d2ed72,off,0.02
2c79c49d-c247-42c4-9126-a65c0ec1a1be,2,2164,d85b6a42-b1d6-49e1-a53d-3e33dd19d2e1,off,0.02
2c79c49d-c247-42c4-9126-a65c0ec1a1be,2,2164,3e49a197-8b0b-4360-80d3-da76ca8889b2,off,0.02
2c79c49d-c247-42c4-9126-a65c0ec1a1be,2,2164,42976da2-0f24-11e2-8525-18a905767e44,off,0.02
2c79c49d-c247-42c4-9126-a65c0ec1a1be,2,2164,d2347f44-035e-418e-ade7-84e9c7472c65,off,0.02
2c79c49d-c247-42c4-9126-a65c0ec1a1be,3,2441,1647e454-d549-4b8d-9e37-664b4df016dc,on,0.02
2c79c49d-c247-42c4-9126-a65c0ec1a1be,3,2441,c1a4a8ba-3332-40f9-abc3-b953b3cd087f,on,0.02
2c79c49d-c247-42c4-9126-a65c0ec1a1be,3,2441,1b48264e-4f71-4aaf-a263-62ba01d12b63,on,0.02
2c79c49d-c247-42c4-9126-a65c0ec1a1be,3,2441,d85b6a42-b1d6-49e1-a53d-3e33dd19d2e1,on,0.02
2c79c49d-c247-42c4-9126-a65c0ec1a1be,3,2441,b2b1b4c3-fe22-4bf9-beb7-49c716b278de,on,0.02
2c79c49d-c247-42c4-9126-a65c0ec1a1be,3,2441,1e2dfac4-9f24-4d83-a6f0-ba1a75dd97dc,off,0.02
2c79c49d-c247-42c4-9126-a65c0ec1a1be,3,2441,0992487d-52ee-4ec5-ac3a-9f4d583e60ac,off,0.02
2c79c49d-c247-42c4-9126-a65c0ec1a1be,3,2441,90dea399-c04f-488a-a3b9-1fb82134120e,off,0.02
2c79c49d-c247-42c4-9126-a65c0ec1a1be,3,2441,44d57a66-a309-4b0f-9f98-c8fe1b3fa160,off,0.02
2c79c49d-c247-42c4-9126-a65c0ec1a1be,3,2441,a275b483-0533-4cf5-9417-9b6205bc21e0,off,0.02
2c79c49d-c247-42c4-9126-a65c0ec1a1be,3,2441,f06b20b4-9be3-4967-bca2-6723acdbf5d4,off,0.02
2c79c49d-c247-42c4-9126-a65c0ec1a1be,3,2441,ab27d068-5ae3-4623-b8c4-d6bbb6858e57,off,0.02
2c79c49d-c247-42c4-9126-a65c0ec1a1be,3,2441,80d33054-c02b-42a2-bcc4-cd0dc89ce1bc,off,0.02
2c79c49d-c247-42c4-9126-a65c0ec1a1be,3,2441,3791d252-2f12-4a56-a7e4-6b3d15d2ed72,off,0.02
2c79c49d-c247-42c4-9126-a65c0ec1a1be,3,2441,3e49a197-8b0b-4360-80d3-da76ca8889b2,off,0.02
2c79c49d-c247-42c4-9126-a65c0ec1a1be,3,2441,42976da2-0f24-11e2-8525-18a905767e44,off,0.02
2c79c49d-c247-42c4-9126-a65c0ec1a1be,3,2441,d2347f44-035e-418e-ade7-84e9c7472c65,off,0.02
2c79c49d-c247-42c4-9126-a65c0ec1a1be,3,2441,42ee4e8e-0f24-11e2-8525-18a905767e44,off,0.02
2c79c49d-c247-42c4-9126-a65c0ec1a1be,3,2581,0992487d-52ee-4ec5-ac3a-9f4d583e60ac,on,0.12
2c79c49d-c247-42c4-9126-a65c0ec1a1be,3,2581,90dea399-c04f-488a-a3b9-1fb82134120e,on,0.12
2c79c49d-c247-42c4-9126-a65c0ec1a1be,3,2581,3791d252-2f12-4a56-a7e4-6b3d15d2ed72,on,0.12
2c79c49d-c247-42c4-9126-a65c0ec1a1be,3,2581,42976da2-0f24-11e2-8525-18a905767e44,on,0.12
2c79c49d-c247-42c4-9126-a65c0ec1a1be,3,2581,42ee4e8e-0f24-11e2-8525-18a905767e44,on,0.12
2c79c49d-c247-42c4-9126-a65c0ec1a1be,3,2581,1e2dfac4-9f24-4d83-a6f0-ba1a75dd97dc,off,0.12
2c79c49d-c247-42c4-9126-a65c0ec1a1be,3,2581,1647e454-d549-4b8d-9e37-664b4df016dc,off,0.12
2c79c49d-c247-42c4-9126-a65c0ec1a1be,3,2581,44d57a66-a309-4b0f-9f98-c8fe1b3fa160,off,0.12
2c79c49d-c247-42c4-9126-a65c0ec1a1be,3,2581,a275b483-0533-4cf5-9417-9b6205bc21e0,off,0.12
2c79c49d-c247-42c4-9126-a65c0ec1a1be,3,2581,f06b20b4-9be3-4967-bca2-6723acdbf5d4,off,0.12
2c79c49d-c247-42c4-9126-a65c0ec1a1be,3,2581,ab27d068-5ae3-4623-b8c4-d6bbb6858e57,off,0.12
2c79c49d-c247-42c4-9126-a65c0ec1a1be,3,2581,c1a4a8ba-3332-40f9-abc3-b953b3cd087f,off,0.12
2c79c49d-c247-42c4-9126-a65c0ec1a1be,3,2581,80d33054-c02b-42a2-bcc4-cd0dc89ce1bc,off,0.12
2c79c49d-c247-42c4-9126-a65c0ec1a1be,3,2581,1b48264e-4f71-4aaf-a263-62ba01d12b63,off,0.12
2c79c49d-c247-42c4-9126-a65c0ec1a1be,3,2581,d85b6a42-b1d6-49e1-a53d-3e33dd19d2e1,off,0.12
2c79c49d-c247-42c4-9126-a65c0ec1a1be,3,2581,3e49a197-8b0b-4360-80d3-da76ca8889b2,off,0.12
2c79c49d-c247-42c4-9126-a65c0ec1a1be,3,2581,b2b1b4c3-fe22-4bf9-beb7-49c716b278de,off,0.12
2c79c49d-c247-42c4-9126-a65c0ec1a1be,3,2581,d2347f44-035e-418e-ade7-84e9c7472c65,off,0.12
2c79c49d-c247-42c4-9126-a65c0ec1a1be,3,2703,a275b483-0533-4cf5-9417-9b6205bc21e0,on,0.02
2c79c49d-c247-42c4-9126-a65c0ec1a1be,3,2703,1b48264e-4f71-4aaf-a263-62ba01d12b63,on,0.02
2c79c49d-c247-42c4-9126-a65c0ec1a1be,3,2703,d85b6a42-b1d6-49e1-a53d-3e33dd19d2e1,on,0.02
2c79c49d-c247-42c4-9126-a65c0ec1a1be,3,2703,42976da2-0f24-11e2-8525-18a905767e44,on,0.02
2c79c49d-c247-42c4-9126-a65c0ec1a1be,3,2703,42ee4e8e-0f24-11e2-8525-18a905767e44,on,0.02
2c79c49d-c247-42c4-9126-a65c0ec1a1be,3,2703,1e2dfac4-9f24-4d83-a6f0-ba1a75dd97dc,off,0.02
2c79c49d-c247-42c4-9126-a65c0ec1a1be,3,2703,1647e454-d549-4b8d-9e37-664b4df016dc,off,0.02
2c79c49d-c247-42c4-9126-a65c0ec1a1be,3,2703,0992487d-52ee-4ec5-ac3a-9f4d583e60ac,off,0.02
2c79c49d-c247-42c4-9126-a65c0ec1a1be,3,2703,90dea399-c04f-488a-a3b9-1fb82134120e,off,0.02
2c79c49d-c247-42c4-9126-a65c0ec1a1be,3,2703,44d57a66-a309-4b0f-9f98-c8fe1b3fa160,off,0.02
2c79c49d-c247-42c4-9126-a65c0ec1a1be,3,2703,f06b20b4-9be3-4967-bca2-6723acdbf5d4,off,0.02
2c79c49d-c247-42c4-9126-a65c0ec1a1be,3,2703,ab27d068-5ae3-4623-b8c4-d6bbb6858e57,off,0.02
2c79c49d-c247-42c4-9126-a65c0ec1a1be,3,2703,c1a4a8ba-3332-40f9-abc3-b953b3cd087f,off,0.02
2c79c49d-c247-42c4-9126-a65c0ec1a1be,3,2703,80d33054-c02b-42a2-bcc4-cd0dc89ce1bc,off,0.02
2c79c49d-c247-42c4-9126-a65c0ec1a1be,3,2703,3791d252-2f12-4a56-a7e4-6b3d15d2ed72,off,0.02
2c79c49d-c247-42c4-9126-a65c0ec1a1be,3,2703,3e49a197-8b0b-4360-80d3-da76ca8889b2,off,0.02
2c79c49d-c247-42c4-9126-a65c0ec1a1be,3,2703,b2b1b4c3-fe22-4bf9-beb7-49c716b278de,off,0.02
2c79c49d-c247-42c4-9126-a65c0ec1a1be,3,2703,d2347f44-035e-418e-ade7-84e9c7472c65,off,0.02
2c79c49d-c247-42c4-9126-a65c0ec1a1be,3,2800,0992487d-52ee-4ec5-ac3a-9f4d583e60ac,on,0.12
2c79c49d-c247-42c4-9126-a65c0ec1a1be,3,2800,80d33054-c02b-42a2-bcc4-cd0dc89ce1bc,on,0.12
2c79c49d-c247-42c4-9126-a65c0ec1a1be,3,2800,3e49a197-8b0b-4360-80d3-da76ca8889b2,on,0.12
2c79c49d-c247-42c4-9126-a65c0ec1a1be,3,2800,42976da2-0f24-11e2-8525-18a905767e44,on,0.12
2c79c49d-c247-42c4-9126-a65c0ec1a1be,3,2800,1e2dfac4-9f24-4d83-a6f0-ba1a75dd97dc,off,0.12
2c79c49d-c247-42c4-9126-a65c0ec1a1be,3,2800,1647e454-d549-4b8d-9e37-664b4df016dc,off,0.12
2c79c49d-c247-42c4-9126-a65c0ec1a1be,3,2800,90dea399-c04f-488a-a3b9-1fb82134120e,off,0.12
2c79c49d-c247-42c4-9126-a65c0ec1a1be,3,2800,44d57a66-a309-4b0f-9f98-c8fe1b3fa160,off,0.12
2c79c49d-c247-42c4-9126-a65c0ec1a1be,3,2800,a275b483-0533-4cf5-9417-9b6205bc21e0,off,0.12
2c79c49d-c247-42c4-9126-a65c0ec1a1be,3,2800,f06b20b4-9be3-4967-bca2-6723acdbf5d4,off,0.12
2c79c49d-c247-42c4-9126-a65c0ec1a1be,3,2800,ab27d068-5ae3-4623-b8c4-d6bbb6858e57,off,0.12
2c79c49d-c247-42c4-9126-a65c0ec1a1be,3,2800,c1a4a8ba-3332-40f9-abc3-b953b3cd087f,off,0.12
2c79c49d-c247-42c4-9126-a65c0ec1a1be,3,2800,1b48264e-4f71-4aaf-a263-62ba01d12b63,off,0.12
2c79c49d-c247-42c4-9126-a65c0ec1a1be,3,2800,3791d252-2f12-4a56-a7e4-6b3d15d2ed72,off,0.12
2c79c49d-c247-42c4-9126-a65c0ec1a1be,3,2800,d85b6a42-b1d6-49e1-a53d-3e33dd19d2e1,off,0.12
2c79c49d-c247-42c4-9126-a65c0ec1a1be,3,2800,b2b1b4c3-fe22-4bf9-beb7-49c716b278de,off,0.12
2c79c49d-c247-42c4-9126-a65c0ec1a1be,3,2800,d2347f44-035e-418e-ade7-84e9c7472c65,off,0.12
2c79c49d-c247-42c4-9126-a65c0ec1a1be,3,2800,42ee4e8e-0f24-11e2-8525-18a905767e44,off,0.12
2c79c49d-c247-42c4-9126-a65c0ec1a1be,3,2879,b2265192-8a74-4401-955e-629899f5292b,on,0.02
2c79c49d-c247-42c4-9126-a65c0ec1a1be,3,2879,0cc207c2-d69d-4c56-acbb-3cd9fa01321c,on,0.02
2c79c49d-c247-42c4-9126-a65c0ec1a1be,3,2879,0a52fe4d-eefb-42aa-9fb7-37d0d52dc557,on,0.02
2c79c49d-c247-42c4-9126-a65c0ec1a1be,3,2879,a6bd3315-d04f-461d-8969-f974197519c2,on,0.02
2c79c49d-c247-42c4-9126-a65c0ec1a1be,3,2879,4f130bf0-9daf-4765-98c2-fb79bd4bd76d,on,0.02
2c79c49d-c247-42c4-9126-a65c0ec1a1be,3,2879,371333ea-0157-4c17-9d08-58de23433cfd,off,0.02
2c79c49d-c247-42c4-9126-a65c0ec1a1be,3,2879,20323392-b186-4f46-b32f-f28b3f32c01c,off,0.02
2c79c49d-c247-42c4-9126-a65c0ec1a1be,3,2879,46ebc2ab-7e0b-4c07-8b5a-9c8fa0509494,off,0.02
2c79c49d-c247-42c4-9126-a65c0ec1a1be,3,2879,b8aeaff3-6f9f-458c-b2a7-d6e7e33754e8,off,0.02
2c79c49d-c247-42c4-9126-a65c0ec1a1be,3,2879,a719751e-58f4-44e6-a8a3-b0fcfe5add7c,off,0.02
2c79c49d-c247-42c4-9126-a65c0ec1a1be,3,2879,353f9e1c-5782-407a-9950-51a94d052567,off,0.02
2c79c49d-c247-42c4-9126-a65c0ec1a1be,3,2879,b94c7db3-3cda-4ae0-8359-8ebd60eb658c,off,0.02
2c79c49d-c247-42c4-9126-a65c0ec1a1be,3,2879,436ef17d-0f24-11e2-8525-18a905767e44,off,0.02
2c79c49d-c247-42c4-9126-a65c0ec1a1be,3,2879,5c78e3bd-fa23-431c-b2d9-7d52a3be0c20,off,0.02
2c79c49d-c247-42c4-9126-a65c0ec1a1be,3,2879,f5a7d914-02d4-4821-9dfd-83160eb58003,off,0.02
2c79c49d-c247-42c4-9126-a65c0ec1a1be,3,2879,9cface5b-dca2-4cfa-a990-9f6dfa150ca1,off,0.02
2c79c49d-c247-42c4-9126-a65c0ec1a1be,3,2879,1d8c643f-4534-4413-82ff-ffce5379f9f8,off,0.02
2c79c49d-c247-42c4-9126-a65c0ec1a1be,3,2879,89fdc2bc-146f-4b21-81d9-6983fcf1f40c,off,0.02
2c79c49d-c247-42c4-9126-a65c0ec1a1be,3,2917,20323392-b186-4f46-b32f-f28b3f32c01c,on,0.04
2c79c49d-c247-42c4-9126-a65c0ec1a1be,3,2917,353f9e1c-5782-407a-9950-51a94d052567,on,0.04
2c79c49d-c247-42c4-9126-a65c0ec1a1be,3,2917,f5a7d914-02d4-4821-9dfd-83160eb58003,on,0.04
2c79c49d-c247-42c4-9126-a65c0ec1a1be,3,2917,9cface5b-dca2-4cfa-a990-9f6dfa150ca1,on,0.04
2c79c49d-c247-42c4-9126-a65c0ec1a1be,3,2917,a6bd3315-d04f-461d-8969-f974197519c2,on,0.04
2c79c49d-c247-42c4-9126-a65c0ec1a1be,3,2917,371333ea-0157-4c17-9d08-58de23433cfd,off,0.04
2c79c49d-c247-42c4-9126-a65c0ec1a1be,3,2917,46ebc2ab-7e0b-4c07-8b5a-9c8fa0509494,off,0.04
2c79c49d-c247-42c4-9126-a65c0ec1a1be,3,2917,b8aeaff3-6f9f-458c-b2a7-d6e7e33754e8,off,0.04
2c79c49d-c247-42c4-9126-a65c0ec1a1be,3,2917,a719751e-58f4-44e6-a8a3-b0fcfe5add7c,off,0.04
2c79c49d-c247-42c4-9126-a65c0ec1a1be,3,2917,b2265192-8a74-4401-955e-629899f5292b,off,0.04
2c79c49d-c247-42c4-9126-a65c0ec1a1be,3,2917,0cc207c2-d69d-4c56-acbb-3cd9fa01321c,off,0.04
2c79c49d-c247-42c4-9126-a65c0ec1a1be,3,2917,b94c7db3-3cda-4ae0-8359-8ebd60eb658c,off,0.04
2c79c49d-c247-42c4-9126-a65c0ec1a1be,3,2917,436ef17d-0f24-11e2-8525-18a905767e44,off,0.04
2c79c49d-c247-42c4-9126-a65c0ec1a1be,3,2917,5c78e3bd-fa23-431c-b2d9-7d52a3be0c20,off,0.04
2c79c49d-c247-42c4-9126-a65c0ec1a1be,3,2917,0a52fe4d-eefb-42aa-9fb7-37d0d52dc557,off,0.04
2c79c49d-c247-42c4-9126-a65c0ec1a1be,3,2917,1d8c643f-4534-4413-82ff-ffce5379f9f8,off,0.04
2c79c49d-c247-42c4-9126-a65c0ec1a1be,3,2917,89fdc2bc-146f-4b21-81d9-6983fcf1f40c,off,0.04
2c79c49d-c247-42c4-9126-a65c0ec1a1be,3,2917,4f130bf0-9daf-4765-98c2-fb79bd4bd76d,off,0.04
2c79c49d-c247-42c4-9126-a65c0ec1a1be,3,3002,1e2dfac4-9f24-4d83-a6f0-ba1a75dd97dc,on,0.02
2c79c49d-c247-42c4-9126-a65c0ec1a1be,3,3002,a275b483-0533-4cf5-9417-9b6205bc21e0,on,0.02
2c79c49d-c247-42c4-9126-a65c0ec1a1be,3,3002,3e49a197-8b0b-4360-80d3-da76ca8889b2,on,0.02
2c79c49d-c247-42c4-9126-a65c0ec1a1be,3,3002,42976da2-0f24-11e2-8525-18a905767e44,on,0.02
2c79c49d-c247-42c4-9126-a65c0ec1a1be,3,3002,42ee4e8e-0f24-11e2-8525-18a905767e44,on,0.02
2c79c49d-c247-42c4-9126-a65c0ec1a1be,3,3002,1647e454-d549-4b8d-9e37-664b4df016dc,off,0.02
2c79c49d-c247-42c4-9126-a65c0ec1a1be,3,3002,0992487d-52ee-4ec5-ac3a-9f4d583e60ac,off,0.02
2c79c49d-c247-42c4-9126-a65c0ec1a1be,3,3002,90dea399-c04f-488a-a3b9-1fb82134120e,off,0.02
2c79c49d-c247-42c4-9126-a65c0ec1a1be,3,3002,44d57a66-a309-4b0f-9f98-c8fe1b3fa160,off,0.02
2c79c49d-c247-42c4-9126-a65c0ec1a1be,3,3002,f06b20b4-9be3-4967-bca2-6723acdbf5d4,off,0.02
2c79c49d-c247-42c4-9126-a65c0ec1a1be,3,3002,ab27d068-5ae3-4623-b8c4-d6bbb6858e57,off,0.02
2c79c49d-c247-42c4-9126-a65c0ec1a1be,3,3002,c1a4a8ba-3332-40f9-abc3-b953b3cd087f,off,0.02
2c79c49d-c247-42c4-9126-a65c0ec1a1be,3,3002,80d33054-c02b-42a2-bcc4-cd0dc89ce1bc,off,0.02
2c79c49d-c247-42c4-9126-a65c0ec1a1be,3,3002,1b48264e-4f71-4aaf-a263-62ba01d12b63,off,0.02
2c79c49d-c247-42c4-9126-a65c0ec1a1be,3,3002,3791d252-2f12-4a56-a7e4-6b3d15d2ed72,off,0.02
2c79c49d-c247-42c4-9126-a65c0ec1a1be,3,3002,d85b6a42-b1d6-49e1-a53d-3e33dd19d2e1,off,0.02
2c79c49d-c247-42c4-9126-a65c0ec1a1be,3,3002,b2b1b4c3-fe22-4bf9-beb7-49c716b278de,off,0.02
2c79c49d-c247-42c4-9126-a65c0ec1a1be,3,3002,d2347f44-035e-418e-ade7-84e9c7472c65,off,0.02
2c79c49d-c247-42c4-9126-a65c0ec1a1be,3,3007,1e2dfac4-9f24-4d83-a6f0-ba1a75dd97dc,on,0.12
2c79c49d-c247-42c4-9126-a65c0ec1a1be,3,3007,a275b483-0533-4cf5-9417-9b6205bc21e0,on,0.12
2c79c49d-c247-42c4-9126-a65c0ec1a1be,3,3007,80d33054-c02b-42a2-bcc4-cd0dc89ce1bc,on,0.12
2c79c49d-c247-42c4-9126-a65c0ec1a1be,3,3007,3e49a197-8b0b-4360-80d3-da76ca8889b2,on,0.12
2c79c49d-c247-42c4-9126-a65c0ec1a1be,3,3007,42976da2-0f24-11e2-8525-18a905767e44,on,0.12
2c79c49d-c247-42c4-9126-a65c0ec1a1be,3,3007,d2347f44-035e-418e-ade7-84e9c7472c65,on,0.12
2c79c49d-c247-42c4-9126-a65c0ec1a1be,3,3007,42ee4e8e-0f24-11e2-8525-18a905767e44,on,0.12
2c79c49d-c247-42c4-9126-a65c0ec1a1be,3,3007,1647e454-d549-4b8d-9e37-664b4df016dc,off,0.12
2c79c49d-c247-42c4-9126-a65c0ec1a1be,3,3007,0992487d-52ee-4ec5-ac3a-9f4d583e60ac,off,0.12
2c79c49d-c247-42c4-9126-a65c0ec1a1be,3,3007,90dea399-c04f-488a-a3b9-1fb82134120e,off,0.12
2c79c49d-c247-42c4-9126-a65c0ec1a1be,3,3007,44d57a66-a309-4b0f-9f98-c8fe1b3fa160,off,0.12
2c79c49d-c247-42c4-9126-a65c0ec1a1be,3,3007,f06b20b4-9be3-4967-bca2-6723acdbf5d4,off,0.12
2c79c49d-c247-42c4-9126-a65c0ec1a1be,3,3007,ab27d068-5ae3-4623-b8c4-d6bbb6858e57,off,0.12
2c79c49d-c247-42c4-9126-a65c0ec1a1be,3,3007,c1a4a8ba-3332-40f9-abc3-b953b3cd087f,off,0.12
2c79c49d-c247-42c4-9126-a65c0ec1a1be,3,3007,1b48264e-4f71-4aaf-a263-62ba01d12b63,off,0.12
2c79c49d-c247-42c4-9126-a65c0ec1a1be,3,3007,3791d252-2f12-4a56-a7e4-6b3d15d2ed72,off,0.12
2c79c49d-c247-42c4-9126-a65c0ec1a1be,3,3007,d85b6a42-b1d6-49e1-a53d-3e33dd19d2e1,off,0.12
2c79c49d-c247-42c4-9126-a65c0ec1a1be,3,3007,b2b1b4c3-fe22-4bf9-beb7-49c716b278de,off,0.12
2c79c49d-c247-42c4-9126-a65c0ec1a1be,3,3081,1e2dfac4-9f24-4d83-a6f0-ba1a75dd97dc,on,0.04
2c79c49d-c247-42c4-9126-a65c0ec1a1be,3,3081,a275b483-0533-4cf5-9417-9b6205bc21e0,on,0.04
2c79c49d-c247-42c4-9126-a65c0ec1a1be,3,3081,c1a4a8ba-3332-40f9-abc3-b953b3cd087f,on,0.04
2c79c49d-c247-42c4-9126-a65c0ec1a1be,3,3081,3e49a197-8b0b-4360-80d3-da76ca8889b2,on,0.04
2c79c49d-c247-42c4-9126-a65c0ec1a1be,3,3081,b2b1b4c3-fe22-4bf9-beb7-49c716b278de,on,0.04
2c79c49d-c247-42c4-9126-a65c0ec1a1be,3,3081,1647e454-d549-4b8d-9e37-664b4df016dc,off,0.04
2c79c49d-c247-42c4-9126-a65c0ec1a1be,3,3081,0992487d-52ee-4ec5-ac3a-9f4d583e60ac,off,0.04
2c79c49d-c247-42c4-9126-a65c0ec1a1be,3,3081,90dea399-c04f-488a-a3b9-1fb82134120e,off,0.04
2c79c49d-c247-42c4-9126-a65c0ec1a1be,3,3081,44d57a66-a309-4b0f-9f98-c8fe1b3fa160,off,0.04
2c79c49d-c247-42c4-9126-a65c0ec1a1be,3,3081,f06b20b4-9be3-4967-bca2-6723acdbf5d4,off,0.04
2c79c49d-c247-42c4-9126-a65c0ec1a1be,3,3081,ab27d068-5ae3-4623-b8c4-d6bbb6858e57,off,0.04
2c79c49d-c247-42c4-9126-a65c0ec1a1be,3,3081,80d33054-c02b-42a2-bcc4-cd0dc89ce1bc,off,0.04
2c79c49d-c247-42c4-9126-a65c0ec1a1be,3,3081,1b48264e-4f71-4aaf-a263-62ba01d12b63,off,0.04
2c79c49d-c247-42c4-9126-a65c0ec1a1be,3,3081,3791d252-2f12-4a56-a7e4-6b3d15d2ed72,off,0.04
2c79c49d-c247-42c4-9126-a65c0ec1a1be,3,3081,d85b6a42-b1d6-49e1-a53d-3e33dd19d2e1,off,0.04
2c79c49d-c247-42c4-9126-a65c0ec1a1be,3,3081,42976da2-0f24-11e2-8525-18a905767e44,off,0.04
2c79c49d-c247-42c4-9126-a65c0ec1a1be,3,3081,d2347f44-035e-418e-ade7-84e9c7472c65,off,0.04
2c79c49d-c247-42c4-9126-a65c0ec1a1be,3,3081,42ee4e8e-0f24-11e2-8525-18a905767e44,off,0.04
2c79c49d-c247-42c4-9126-a65c0ec1a1be,3,3104,1647e454-d549-4b8d-9e37-664b4df016dc,on,0.02
2c79c49d-c247-42c4-9126-a65c0ec1a1be,3,3104,44d57a66-a309-4b0f-9f98-c8fe1b3fa160,on,0.02
2c79c49d-c247-42c4-9126-a65c0ec1a1be,3,3104,f06b20b4-9be3-4967-bca2-6723acdbf5d4,on,0.02
2c79c49d-c247-42c4-9126-a65c0ec1a1be,3,3104,42976da2-0f24-11e2-8525-18a905767e44,on,0.02
2c79c49d-c247-42c4-9126-a65c0ec1a1be,3,3104,42ee4e8e-0f24-11e2-8525-18a905767e44,on,0.02
2c79c49d-c247-42c4-9126-a65c0ec1a1be,3,3104,1e2dfac4-9f24-4d83-a6f0-ba1a75dd97dc,off,0.02
2c79c49d-c247-42c4-9126-a65c0ec1a1be,3,3104,0992487d-52ee-4ec5-ac3a-9f4d583e60ac,off,0.02
2c79c49d-c247-42c4-9126-a65c0ec1a1be,3,3104,90dea399-c04f-488a-a3b9-1fb82134120e,off,0.02
2c79c49d-c247-42c4-9126-a65c0ec1a1be,3,3104,a275b483-0533-4cf5-9417-9b6205bc21e0,off,0.02
2c79c49d-c247-42c4-9126-a65c0ec1a1be,3,3104,ab27d068-5ae3-4623-b8c4-d6bbb6858e57,off,0.02
2c79c49d-c247-42c4-9126-a65c0ec1a1be,3,3104,c1a4a8ba-3332-40f9-abc3-b953b3cd087f,off,0.02
2c79c49d-c247-42c4-9126-a65c0ec1a1be,3,3104,80d33054-c02b-42a2-bcc4-cd0dc89ce1bc,off,0.02
2c79c49d-c247-42c4-9126-a65c0ec1a1be,3,3104,1b48264e-4f71-4aaf-a263-62ba01d12b63,off,0.02
2c79c49d-c247-42c4-9126-a65c0ec1a1be,3,3104,3791d252-2f12-4a56-a7e4-6b3d15d2ed72,off,0.02
2c79c49d-c247-42c4-9126-a65c0ec1a1be,3,3104,d85b6a42-b1d6-49e1-a53d-3e33dd19d2e1,off,0.02
2c79c49d-c247-42c4-9126-a65c0ec1a1be,3,3104,3e49a197-8b0b-4360-80d3-da76ca8889b2,off,0.02
2c79c49d-c247-42c4-9126-a65c0ec1a1be,3,3104,b2b1b4c3-fe22-4bf9-beb7-49c716b278de,off,0.02
2c79c49d-c247-42c4-9126-a65c0ec1a1be,3,3104,d2347f44-035e-418e-ade7-84e9c7472c65,off,0.02
2c79c49d-c247-42c4-9126-a65c0ec1a1be,3,3223,1e2dfac4-9f24-4d83-a6f0-ba1a75dd97dc,on,0.02
2c79c49d-c247-42c4-9126-a65c0ec1a1be,3,3223,a275b483-0533-4cf5-9417-9b6205bc21e0,on,0.02
2c79c49d-c247-42c4-9126-a65c0ec1a1be,3,3223,80d33054-c02b-42a2-bcc4-cd0dc89ce1bc,on,0.02
2c79c49d-c247-42c4-9126-a65c0ec1a1be,3,3223,3e49a197-8b0b-4360-80d3-da76ca8889b2,on,0.02
2c79c49d-c247-42c4-9126-a65c0ec1a1be,3,3223,d2347f44-035e-418e-ade7-84e9c7472c65,on,0.02
2c79c49d-c247-42c4-9126-a65c0ec1a1be,3,3223,1647e454-d549-4b8d-9e37-664b4df016dc,off,0.02
2c79c49d-c247-42c4-9126-a65c0ec1a1be,3,3223,0992487d-52ee-4ec5-ac3a-9f4d583e60ac,off,0.02
2c79c49d-c247-42c4-9126-a65c0ec1a1be,3,3223,90dea399-c04f-488a-a3b9-1fb82134120e,off,0.02
2c79c49d-c247-42c4-9126-a65c0ec1a1be,3,3223,44d57a66-a309-4b0f-9f98-c8fe1b3fa160,off,0.02
2c79c49d-c247-42c4-9126-a65c0ec1a1be,3,3223,f06b20b4-9be3-4967-bca2-6723acdbf5d4,off,0.02
2c79c49d-c247-42c4-9126-a65c0ec1a1be,3,3223,ab27d068-5ae3-4623-b8c4-d6bbb6858e57,off,0.02
2c79c49d-c247-42c4-9126-a65c0ec1a1be,3,3223,c1a4a8ba-3332-40f9-abc3-b953b3cd087f,off,0.02
2c79c49d-c247-42c4-9126-a65c0ec1a1be,3,3223,1b48264e-4f71-4aaf-a263-62ba01d12b63,off,0.02
2c79c49d-c247-42c4-9126-a65c0ec1a1be,3,3223,3791d252-2f12-4a56-a7e4-6b3d15d2ed72,off,0.02
2c79c49d-c247-42c4-9126-a65c0ec1a1be,3,3223,d85b6a42-b1d6-49e1-a53d-3e33dd19d2e1,off,0.02
2c79c49d-c247-42c4-9126-a65c0ec1a1be,3,3223,b2b1b4c3-fe22-4bf9-beb7-49c716b278de,off,0.02
2c79c49d-c247-42c4-9126-a65c0ec1a1be,3,3223,42976da2-0f24-11e2-8525-18a905767e44,off,0.02
2c79c49d-c247-42c4-9126-a65c0ec1a1be,3,3223,42ee4e8e-0f24-11e2-8525-18a905767e44,off,0.02
2c79c49d-c247-42c4-9126-a65c0ec1a1be,3,3272,0992487d-52ee-4ec5-ac3a-9f4d583e60ac,on,0.02
2c79c49d-c247-42c4-9126-a65c0ec1a1be,3,3272,90dea399-c04f-488a-a3b9-1fb82134120e,on,0.02
2c79c49d-c247-42c4-9126-a65c0ec1a1be,3,3272,c1a4a8ba-3332-40f9-abc3-b953b3cd087f,on,0.02
2c79c49d-c247-42c4-9126-a65c0ec1a1be,3,3272,3791d252-2f12-4a56-a7e4-6b3d15d2ed72,on,0.02
2c79c49d-c247-42c4-9126-a65c0ec1a1be,3,3272,b2b1b4c3-fe22-4bf9-beb7-49c716b278de,on,0.02
2c79c49d-c247-42c4-9126-a65c0ec1a1be,3,3272,1e2dfac4-9f24-4d83-a6f0-ba1a75dd97dc,off,0.02
2c79c49d-c247-42c4-9126-a65c0ec1a1be,3,3272,1647e454-d549-4b8d-9e37-664b4df016dc,off,0.02
2c79c49d-c247-42c4-9126-a65c0ec1a1be,3,3272,44d57a66-a309-4b0f-9f98-c8fe1b3fa160,off,0.02
2c79c49d-c247-42c4-9126-a65c0ec1a1be,3,3272,a275b483-0533-4cf5-9417-9b6205bc21e0,off,0.02
2c79c49d-c247-42c4-9126-a65c0ec1a1be,3,3272,f06b20b4-9be3-4967-bca2-6723acdbf5d4,off,0.02
2c79c49d-c247-42c4-9126-a65c0ec1a1be,3,3272,ab27d068-5ae3-4623-b8c4-d6bbb6858e57,off,0.02
2c79c49d-c247-42c4-9126-a65c0ec1a1be,3,3272,80d33054-c02b-42a2-bcc4-cd0dc89ce1bc,off,0.02
2c79c49d-c247-42c4-9126-a65c0ec1a1be,3,3272,1b48264e-4f71-4aaf-a263-62ba01d12b63,off,0.02
2c79c49d-c247-42c4-9126-a65c0ec1a1be,3,3272,d85b6a42-b1d6-49e1-a53d-3e33dd19d2e1,off,0.02
2c79c49d-c247-42c4-9126-a65c0ec1a1be,3,3272,3e49a197-8b0b-4360-80d3-da76ca8889b2,off,0.02
2c79c49d-c247-42c4-9126-a65c0ec1a1be,3,3272,42976da2-0f24-11e2-8525-18a905767e44,off,0.02
2c79c49d-c247-42c4-9126-a65c0ec1a1be,3,3272,d2347f44-035e-418e-ade7-84e9c7472c65,off,0.02
2c79c49d-c247-42c4-9126-a65c0ec1a1be,3,3272,42ee4e8e-0f24-11e2-8525-18a905767e44,off,0.02
2c79c49d-c247-42c4-9126-a65c0ec1a1be,3,3281,1647e454-d549-4b8d-9e37-664b4df016dc,on,0.02
2c79c49d-c247-42c4-9126-a65c0ec1a1be,3,3281,44d57a66-a309-4b0f-9f98-c8fe1b3fa160,on,0.02
2c79c49d-c247-42c4-9126-a65c0ec1a1be,3,3281,f06b20b4-9be3-4967-bca2-6723acdbf5d4,on,0.02
2c79c49d-c247-42c4-9126-a65c0ec1a1be,3,3281,c1a4a8ba-3332-40f9-abc3-b953b3cd087f,on,0.02
2c79c49d-c247-42c4-9126-a65c0ec1a1be,3,3281,b2b1b4c3-fe22-4bf9-beb7-49c716b278de,on,0.02
2c79c49d-c247-42c4-9126-a65c0ec1a1be,3,3281,1e2dfac4-9f24-4d83-a6f0-ba1a75dd97dc,off,0.02
2c79c49d-c247-42c4-9126-a65c0ec1a1be,3,3281,0992487d-52ee-4ec5-ac3a-9f4d583e60ac,off,0.02
2c79c49d-c247-42c4-9126-a65c0ec1a1be,3,3281,90dea399-c04f-488a-a3b9-1fb82134120e,off,0.02
2c79c49d-c247-42c4-9126-a65c0ec1a1be,3,3281,a275b483-0533-4cf5-9417-9b6205bc21e0,off,0.02
2c79c49d-c247-42c4-9126-a65c0ec1a1be,3,3281,ab27d068-5ae3-4623-b8c4-d6bbb6858e57,off,0.02
2c79c49d-c247-42c4-9126-a65c0ec1a1be,3,3281,80d33054-c02b-42a2-bcc4-cd0dc89ce1bc,off,0.02
2c79c49d-c247-42c4-9126-a65c0ec1a1be,3,3281,1b48264e-4f71-4aaf-a263-62ba01d12b63,off,0.02
2c79c49d-c247-42c4-9126-a65c0ec1a1be,3,3281,3791d252-2f12-4a56-a7e4-6b3d15d2ed72,off,0.02
2c79c49d-c247-42c4-9126-a65c0ec1a1be,3,3281,d85b6a42-b1d6-49e1-a53d-3e33dd19d2e1,off,0.02
2c79c49d-c247-42c4-9126-a65c0ec1a1be,3,3281,3e49a197-8b0b-4360-80d3-da76ca8889b2,off,0.02
2c79c49d-c247-42c4-9126-a65c0ec1a1be,3,3281,42976da2-0f24-11e2-8525-18a905767e44,off,0.02
2c79c49d-c247-42c4-9126-a65c0ec1a1be,3,3281,d2347f44-035e-418e-ade7-84e9c7472c65,off,0.02
2c79c49d-c247-42c4-9126-a65c0ec1a1be,3,3281,42ee4e8e-0f24-11e2-8525-18a905767e44,off,0.02
2c79c49d-c247-42c4-9126-a65c0ec1a1be,3,3290,1647e454-d549-4b8d-9e37-664b4df016dc,on,0.2
2c79c49d-c247-42c4-9126-a65c0ec1a1be,3,3290,44d57a66-a309-4b0f-9f98-c8fe1b3fa160,on,0.2
2c79c49d-c247-42c4-9126-a65c0ec1a1be,3,3290,f06b20b4-9be3-4967-bca2-6723acdbf5d4,on,0.2
2c79c49d-c247-42c4-9126-a65c0ec1a1be,3,3290,c1a4a8ba-3332-40f9-abc3-b953b3cd087f,on,0.2
2c79c49d-c247-42c4-9126-a65c0ec1a1be,3,3290,b2b1b4c3-fe22-4bf9-beb7-49c716b278de,on,0.2
2c79c49d-c247-42c4-9126-a65c0ec1a1be,3,3290,1e2dfac4-9f24-4d83-a6f0-ba1a75dd97dc,off,0.2
2c79c49d-c247-42c4-9126-a65c0ec1a1be,3,3290,0992487d-52ee-4ec5-ac3a-9f4d583e60ac,off,0.2
2c79c49d-c247-42c4-9126-a65c0ec1a1be,3,3290,90dea399-c04f-488a-a3b9-1fb82134120e,off,0.2
2c79c49d-c247-42c4-9126-a65c0ec1a1be,3,3290,a275b483-0533-4cf5-9417-9b6205bc21e0,off,0.2
2c79c49d-c247-42c4-9126-a65c0ec1a1be,3,3290,ab27d068-5ae3-4623-b8c4-d6bbb6858e57,off,0.2
2c79c49d-c247-42c4-9126-a65c0ec1a1be,3,3290,80d33054-c02b-42a2-bcc4-cd0dc89ce1bc,off,0.2
2c79c49d-c247-42c4-9126-a65c0ec1a1be,3,3290,1b48264e-4f71-4aaf-a263-62ba01d12b63,off,0.2
2c79c49d-c247-42c4-9126-a65c0ec1a1be,3,3290,3791d252-2f12-4a56-a7e4-6b3d15d2ed72,off,0.2
2c79c49d-c247-42c4-9126-a65c0ec1a1be,3,3290,d85b6a42-b1d6-49e1-a53d-3e33dd19d2e1,off,0.2
2c79c49d-c247-42c4-9126-a65c0ec1a1be,3,3290,3e49a197-8b0b-4360-80d3-da76ca8889b2,off,0.2
2c79c49d-c247-42c4-9126-a65c0ec1a1be,3,3290,42976da2-0f24-11e2-8525-18a905767e44,off,0.2
2c79c49d-c247-42c4-9126-a65c0ec1a1be,3,3290,d2347f44-035e-418e-ade7-84e9c7472c65,off,0.2
2c79c49d-c247-42c4-9126-a65c0ec1a1be,3,3290,42ee4e8e-0f24-11e2-8525-18a905767e44,off,0.2
2c79c49d-c247-42c4-9126-a65c0ec1a1be,3,3329,0cc207c2-d69d-4c56-acbb-3cd9fa01321c,on,0.04
2c79c49d-c247-42c4-9126-a65c0ec1a1be,3,3329,353f9e1c-5782-407a-9950-51a94d052567,on,0.04
2c79c49d-c247-42c4-9126-a65c0ec1a1be,3,3329,b94c7db3-3cda-4ae0-8359-8ebd60eb658c,on,0.04
2c79c49d-c247-42c4-9126-a65c0ec1a1be,3,3329,f5a7d914-02d4-4821-9dfd-83160eb58003,on,0.04
2c79c49d-c247-42c4-9126-a65c0ec1a1be,3,3329,89fdc2bc-146f-4b21-81d9-6983fcf1f40c,on,0.04
2c79c49d-c247-42c4-9126-a65c0ec1a1be,3,3329,371333ea-0157-4c17-9d08-58de23433cfd,off,0.04
2c79c49d-c247-42c4-9126-a65c0ec1a1be,3,3329,20323392-b186-4f46-b32f-f28b3f32c01c,off,0.04
2c79c49d-c247-42c4-9126-a65c0ec1a1be,3,3329,46ebc2ab-7e0b-4c07-8b5a-9c8fa0509494,off,0.04
2c79c49d-c247-42c4-9126-a65c0ec1a1be,3,3329,b8aeaff3-6f9f-458c-b2a7-d6e7e33754e8,off,0.04
2c79c49d-c247-42c4-9126-a65c0ec1a1be,3,3329,a719751e-58f4-44e6-a8a3-b0fcfe5add7c,off,0.04
2c79c49d-c247-42c4-9126-a65c0ec1a1be,3,3329,b2265192-8a74-4401-955e-629899f5292b,off,0.04
2c79c49d-c247-42c4-9126-a65c0ec1a1be,3,3329,436ef17d-0f24-11e2-8525-18a905767e44,off,0.04
2c79c49d-c247-42c4-9126-a65c0ec1a1be,3,3329,5c78e3bd-fa23-431c-b2d9-7d52a3be0c20,off,0.04
2c79c49d-c247-42c4-9126-a65c0ec1a1be,3,3329,9cface5b-dca2-4cfa-a990-9f6dfa150ca1,off,0.04
2c79c49d-c247-42c4-9126-a65c0ec1a1be,3,3329,0a52fe4d-eefb-42aa-9fb7-37d0d52dc557,off,0.04
2c79c49d-c247-42c4-9126-a65c0ec1a1be,3,3329,a6bd3315-d04f-461d-8969-f974197519c2,off,0.04
2c79c49d-c247-42c4-9126-a65c0ec1a1be,3,3329,1d8c643f-4534-4413-82ff-ffce5379f9f8,off,0.04
2c79c49d-c247-42c4-9126-a65c0ec1a1be,3,3329,4f130bf0-9daf-4765-98c2-fb79bd4bd76d,off,0.04
2c79c49d-c247-42c4-9126-a65c0ec1a1be,3,3448,20323392-b186-4f46-b32f-f28b3f32c01c,on,0.2
2c79c49d-c247-42c4-9126-a65c0ec1a1be,3,3448,a719751e-58f4-44e6-a8a3-b0fcfe5add7c,on,0.2
2c79c49d-c247-42c4-9126-a65c0ec1a1be,3,3448,0cc207c2-d69d-4c56-acbb-3cd9fa01321c,on,0.2
2c79c49d-c247-42c4-9126-a65c0ec1a1be,3,3448,353f9e1c-5782-407a-9950-51a94d052567,on,0.2
2c79c49d-c247-42c4-9126-a65c0ec1a1be,3,3448,b94c7db3-3cda-4ae0-8359-8ebd60eb658c,on,0.2
2c79c49d-c247-42c4-9126-a65c0ec1a1be,3,3448,5c78e3bd-fa23-431c-b2d9-7d52a3be0c20,on,0.2
2c79c49d-c247-42c4-9126-a65c0ec1a1be,3,3448,f5a7d914-02d4-4821-9dfd-83160eb58003,on,0.2
2c79c49d-c247-42c4-9126-a65c0ec1a1be,3,3448,a6bd3315-d04f-461d-8969-f974197519c2,on,0.2
2c79c49d-c247-42c4-9126-a65c0ec1a1be,3,3448,89fdc2bc-146f-4b21-81d9-6983fcf1f40c,on,0.2
2c79c49d-c247-42c4-9126-a65c0ec1a1be,3,3448,371333ea-0157-4c17-9d08-58de23433cfd,off,0.2
2c79c49d-c247-42c4-9126-a65c0ec1a1be,3,3448,46ebc2ab-7e0b-4c07-8b5a-9c8fa0509494,off,0.2
2c79c49d-c247-42c4-9126-a65c0ec1a1be,3,3448,b8aeaff3-6f9f-458c-b2a7-d6e7e33754e8,off,0.2
2c79c49d-c247-42c4-9126-a65c0ec1a1be,3,3448,b2265192-8a74-4401-955e-629899f5292b,off,0.2
2c79c49d-c247-42c4-9126-a65c0ec1a1be,3,3448,436ef17d-0f24-11e2-8525-18a905767e44,off,0.2
2c79c49d-c247-42c4-9126-a65c0ec1a1be,3,3448,9cface5b-dca2-4cfa-a990-9f6dfa150ca1,off,0.2
2c79c49d-c247-42c4-9126-a65c0ec1a1be,3,3448,0a52fe4d-eefb-42aa-9fb7-37d0d52dc557,off,0.2
2c79c49d-c247-42c4-9126-a65c0ec1a1be,3,3448,1d8c643f-4534-4413-82ff-ffce5379f9f8,off,0.2
2c79c49d-c247-42c4-9126-a65c0ec1a1be,3,3448,4f130bf0-9daf-4765-98c2-fb79bd4bd76d,off,0.2
2c79c49d-c247-42c4-9126-a65c0ec1a1be,3,3526,ab27d068-5ae3-4623-b8c4-d6bbb6858e57,on,0.02
2c79c49d-c247-42c4-9126-a65c0ec1a1be,3,3526,80d33054-c02b-42a2-bcc4-cd0dc89ce1bc,on,0.02
2c79c49d-c247-42c4-9126-a65c0ec1a1be,3,3526,1b48264e-4f71-4aaf-a263-62ba01d12b63,on,0.02
2c79c49d-c247-42c4-9126-a65c0ec1a1be,3,3526,d85b6a42-b1d6-49e1-a53d-3e33dd19d2e1,on,0.02
2c79c49d-c247-42c4-9126-a65c0ec1a1be,3,3526,b2b1b4c3-fe22-4bf9-beb7-49c716b278de,on,0.02
2c79c49d-c247-42c4-9126-a65c0ec1a1be,3,3526,1e2dfac4-9f24-4d83-a6f0-ba1a75dd97dc,off,0.02
2c79c49d-c247-42c4-9126-a65c0ec1a1be,3,3526,1647e454-d549-4b8d-9e37-664b4df016dc,off,0.02
2c79c49d-c247-42c4-9126-a65c0ec1a1be,3,3526,0992487d-52ee-4ec5-ac3a-9f4d583e60ac,off,0.02
2c79c49d-c247-42c4-9126-a65c0ec1a1be,3,3526,90dea399-c04f-488a-a3b9-1fb82134120e,off,0.02
2c79c49d-c247-42c4-9126-a65c0ec1a1be,3,3526,44d57a66-a309-4b0f-9f98-c8fe1b3fa160,off,0.02
2c79c49d-c247-42c4-9126-a65c0ec1a1be,3,3526,a275b483-0533-4cf5-9417-9b6205bc21e0,off,0.02
2c79c49d-c247-42c4-9126-a65c0ec1a1be,3,3526,f06b20b4-9be3-4967-bca2-6723acdbf5d4,off,0.02
2c79c49d-c247-42c4-9126-a65c0ec1a1be,3,3526,c1a4a8ba-3332-40f9-abc3-b953b3cd087f,off,0.02
2c79c49d-c247-42c4-9126-a65c0ec1a1be,3,3526,3791d252-2f12-4a56-a7e4-6b3d15d2ed72,off,0.02
2c79c49d-c247-42c4-9126-a65c0ec1a1be,3,3526,3e49a197-8b0b-4360-80d3-da76ca8889b2,off,0.02
2c79c49d-c247-42c4-9126-a65c0ec1a1be,3,3526,42976da2-0f24-11e2-8525-18a905767e44,off,0.02
2c79c49d-c247-42c4-9126-a65c0ec1a1be,3,3526,d2347f44-035e-418e-ade7-84e9c7472c65,off,0.02
2c79c49d-c247-42c4-9126-a65c0ec1a1be,3,3526,42ee4e8e-0f24-11e2-8525-18a905767e44,off,0.02
